DESCRIPCION , TIEMPO , KILOCALORIAS , HIDRATOSDECARBONOG , PROTEINAG , LIPIDOSG , EQUIVALENTEVERDURAS , EQUIVALENTEFRUTAS , EQUIVALENTECEREALESSINGRASA , EQUIVALENTECEREALESCONGRASA , EQUIVALENTELEGUMINOSAS , EQUIVALENTEAOAMUYBAJOSENGRASA , EQUIVALENTEAOABAJOENGRASA , EQUIVALENTEAOAMODERADOSENGRASA , EQUIVALENTEAOAALTOENGRASA , EQUIVALENTELECHEDESCREMADA , EQUIVALENTELECHESEMIDESCREMADA , EQUIVALENTELECHEENTERA , EQUIVALENTELECHECONAZUCAR , EQUIVALENTEACEITESYGRASAS , EQUIVALENTEACEITESYGRASASCONPROTEINAS , EQUIVALENTEAZUCARESSINGRASA , EQUIVALENTEAZUCARESCONGRASA , FIBRAG , HIERRONOHEMMG , HIERROMG , SODIOMG , POTASIOMG , ACIDOASCORBICOMG , ACIDOFOLICOG , CALCIOMG , SELENIOG , FOSFOROMG , COLESTEROLMG , AGSATURADOSG , AGMONOINSATURADOSG , AGPOLIINSATURADOSG , CATEGORIA , FAVORITO
1 , DESAYUNO , 591.416666666667 , 67.2666666666667 , 12.1 , 32.445 , 0.3 , 1 , 2 , 0 , 1.5 , 0 , 0.25 , 0 , 0 , 0 , 0 , 0 , 0 , 5 , 0 , 0.666666666666667 , 0 , 14.45 , 0.41 , 1.625 , 594.966666666667 , 501.655 , 80.945 , 45.66 , 186 , 4.5 , 0 , 15.9 , 4.3 , 12.9 , 6.1 , 1 , 1
2 , DESAYUNO , 589.666666666667 , 64.6666666666667 , 22.3333333333333 , 28.1166666666667 , 0.333333333333333 , 0 , 3 , 0 , 1.5 , 0 , 0 , 1.5 , 0 , 0 , 0 , 0.5 , 0 , 2 , 0 , 0 , 0 , 12.9366666666667 , 0.15 , 9.8 , 892.9 , 70.335 , 3.67166666666667 , 32.3083333333333 , 308.8 , 24.45 , 0 , 295.4 , 0.8 , 5.8 , 3 , 1 , 1
3 , DESAYUNO , 587.54 , 60.4933333333333 , 28.526 , 26.1193333333333 , 0 , 0 , 4 , 0 , 0 , 0 , 0.5 , 2.14 , 0.666666666666667 , 0 , 0 , 0.14 , 0 , 1.66666666666667 , 0 , 0.333333333333333 , 0 , 2.2 , 0 , 5.72866666666667 , 972.110666666667 , 0 , 0 , 3 , 314.83 , 36.6293333333333 , 0 , 439.220666666667 , 2.6 , 3.76666666666667 , 1.56666666666667 , 1 , 1
4 , DESAYUNO , 586.833333333333 , 68.7166666666667 , 24.3333333333333 , 25.1833333333333 , 0 , 0 , 2.5 , 0 , 1.5 , 0 , 0 , 0 , 0 , 0 , 0 , 1 , 0 , 0 , 1.66666666666667 , 0.666666666666667 , 0 , 12.85 , 0 , 2 , 495.233333333333 , 0 , 0 , 0 , 409 , 3.6 , 0 , 59.5 , 3.5 , 4 , 0.666666666666667 , 1 , 1
5 , DESAYUNO , 610.533333333333 , 90.33 , 20.915 , 19.8533333333333 , 0.316666666666667 , 0 , 4 , 0 , 1.5 , 0 , 0 , 0 , 0 , 0 , 0 , 0.85 , 0 , 1 , 0 , 0.5 , 0 , 12.84 , 0.0616666666666667 , 4.1 , 462.95 , 44.685 , 3.20833333333333 , 5.715 , 385.35 , 3.6 , 0 , 28.125 , 0.4 , 2.9 , 1.5 , 1 , 0
6 , DESAYUNO , 539.3 , 61.5966666666667 , 27.1166666666667 , 21.4666666666667 , 0.283333333333333 , 0.9 , 3 , 0 , 0 , 0 , 0.5 , 2 , 0.666666666666667 , 0 , 0 , 0.1 , 0 , 1 , 0 , 0 , 0 , 3.59666666666667 , 0.375 , 5.61666666666667 , 433.7 , 244.215 , 34.9316666666667 , 20.9583333333333 , 301.7 , 34.6833333333333 , 0 , 402.05 , 0.4 , 2.9 , 1.5 , 1 , 0
7 , DESAYUNO , 579.836274509804 , 65.1999411764706 , 26.2892941176471 , 25.6817450980392 , 0.316666666666667 , 0.882352941176471 , 2.4 , 0 , 0.99 , 0 , 0.25 , 2 , 0 , 0 , 0 , 0.5 , 0 , 1 , 0.2 , 0 , 0 , 12.8766470588235 , 0.767549019607843 , 3.345 , 410.53 , 320.067352941176 , 109.09068627451 , 48.0502941176471 , 388.6 , 31.076 , 0 , 386.7 , 0.5 , 3.76 , 1.76 , 1 , 1
8 , DESAYUNO , 598.160784313725 , 64.3141176470588 , 27.3210784313725 , 27.2711764705882 , 0.4 , 0.735294117647059 , 2 , 0 , 1.5 , 0 , 0 , 1.5 , 0.333333333333333 , 0 , 0 , 0.75 , 0 , 1 , 0 , 0 , 0 , 14.0347058823529 , 0.368235294117647 , 3.13333333333333 , 536.4 , 291.915294117647 , 30.6352941176471 , 22.3794117647059 , 414.1 , 24.8166666666667 , 0 , 312.125 , 0.4 , 2.9 , 1.5 , 1 , 0
9 , DESAYUNO , 619.666666666667 , 79.5633333333333 , 35.7685714285714 , 17.9461904761905 , 0.383333333333333 , 0.666666666666667 , 0 , 3 , 1.5 , 2.57142857142857 , 0 , 0 , 0 , 0 , 0 , 0.4 , 0 , 0 , 0 , 1 , 0 , 15.9933333333333 , 0.361666666666667 , 2.44285714285714 , 1110.52857142857 , 207.541666666667 , 153.585 , 3.58833333333333 , 187.414285714286 , 19.0285714285714 , 0 , 55.1142857142857 , 0 , 0 , 0 , 1 , 1
10 , DESAYUNO , 486.766666666667 , 68.2566666666667 , 16.6066666666667 , 17.5166666666667 , 0.683333333333333 , 1 , 2.8 , 0 , 0 , 0 , 1.66666666666667 , 0 , 0 , 0 , 0 , 0 , 0 , 2 , 0 , 1.5 , 0 , 8.13666666666666 , 0.605 , 4.74 , 267.71 , 306.285 , 51.4016666666667 , 43.9083333333333 , 85.48 , 9.5 , 0 , 32.5 , 0.8 , 5.8 , 3 , 1 , 1
11 , DESAYUNO , 622.45 , 70.505 , 24.9 , 27.405 , 0.4 , 0 , 1 , 2 , 0.75 , 0 , 0 , 1.5 , 0 , 0 , 0 , 0.95 , 0 , 1 , 0 , 1 , 0 , 6.145 , 0.08 , 2.3 , 1154.35 , 110.88 , 0 , 11.9 , 349.4 , 22.65 , 0 , 311.025 , 0.4 , 2.9 , 1.5 , 1 , 0
12 , DESAYUNO , 523.3 , 56.68 , 21.8466666666667 , 23.42 , 0 , 1.16666666666667 , 2.4 , 0 , 0 , 0 , 0 , 0.1 , 2 , 0 , 0 , 0.2 , 0 , 0.666666666666667 , 0 , 0 , 0 , 2.98333333333333 , 0.483333333333333 , 3.57333333333333 , 403.76 , 340.133333333333 , 46.8 , 34.5133333333333 , 166.436666666667 , 2.12333333333333 , 0 , 89.6433333333333 , 2.2 , 0.866666666666667 , 0.0666666666666667 , 1 , 0
13 , DESAYUNO , 586.820392156863 , 58.0190588235294 , 25.0893725490196 , 29.1669215686274 , 0.405 , 0.117647058823529 , 2 , 0 , 1.5 , 0 , 0 , 1.6 , 0 , 0 , 0 , 0.75 , 0 , 1.66666666666667 , 0 , 0.1 , 0 , 12.8693529411765 , 0.204617647058824 , 3.18 , 1193.39333333333 , 91.7236470588235 , 15.4796470588235 , 36.1167058823529 , 412.03 , 25.84 , 0 , 331.601666666667 , 2.6 , 3.76666666666667 , 1.56666666666667 , 1 , 1
14 , DESAYUNO , 598.21568627451 , 66.0490196078431 , 26.4382352941177 , 26.056862745098 , 0 , 0.705882352941177 , 2 , 0 , 0 , 0 , 0.5 , 1.5 , 0 , 0 , 0 , 1 , 0 , 1 , 0 , 0 , 1.33333333333333 , 3.89411764705882 , 0.564705882352941 , 3.55 , 1049.86666666667 , 220.305882352941 , 84.7058823529412 , 90.1882352941176 , 525.25 , 27 , 0 , 321.4 , 0.4 , 2.9 , 1.5 , 1 , 1
15 , DESAYUNO , 408.116666666667 , 48.2216666666667 , 16.3083333333333 , 18.6766666666667 , 1.98333333333333 , 1 , 1.6 , 0 , 0 , 0 , 1 , 0.75 , 0 , 0 , 0 , 0 , 0 , 2 , 0 , 0 , 0 , 6.96666666666667 , 1.655 , 3.58 , 532.24 , 448.245 , 107.571666666667 , 60.3383333333333 , 61.395 , 16.125 , 0 , 159.075 , 0.8 , 5.8 , 3 , 1 , 1
16 , DESAYUNO , 620.1 , 82.9 , 30.055 , 20.0533333333333 , 0.7 , 0 , 3.5 , 0 , 1.5 , 1.66666666666667 , 0 , 0 , 0 , 0 , 0 , 0.75 , 0 , 1 , 0 , 0.5 , 0 , 12.45 , 0.22 , 4.03333333333333 , 706.6 , 16.8 , 3.46 , 2.18 , 351.55 , 13.1 , 0 , 47.875 , 0.4 , 2.9 , 1.5 , 1 , 0
17 , DESAYUNO , 526.441176470588 , 70.7661764705882 , 19.2191176470588 , 19.0367647058824 , 0 , 1.60294117647059 , 0 , 3 , 0 , 0 , 0.5 , 1.5 , 0 , 0 , 0 , 0 , 0 , 1 , 0 , 0.5 , 0 , 4.19705882352941 , 1.05735294117647 , 2.25 , 1269.3 , 346.852941176471 , 67.7529411764706 , 24.4941176470588 , 96.15 , 27 , 0 , 288.9 , 0.4 , 2.9 , 1.5 , 1 , 1
18 , DESAYUNO , 465.1 , 58.33 , 23.545 , 16.1833333333333 , 0.55 , 0 , 2.8 , 0 , 0 , 0 , 0 , 1.66666666666667 , 0 , 0 , 0 , 0.75 , 0 , 0 , 0 , 1 , 0 , 6.03 , 0.455 , 3.94 , 324.08 , 158.12 , 5.77 , 17.46 , 291.456666666667 , 0 , 0 , 39.2083333333333 , 0 , 0 , 0 , 1 , 1
19 , DESAYUNO , 642.966666666667 , 68.71 , 27.7916666666667 , 29.96 , 0.4 , 0.5 , 2.4 , 0 , 1.5 , 0 , 0 , 1.5 , 0.333333333333333 , 0 , 0 , 0.75 , 0 , 1.5 , 0 , 0 , 0 , 14.38 , 0.47 , 3.45333333333333 , 564.12 , 106.79 , 8.58 , 37.6 , 418.26 , 24.8166666666667 , 0 , 314.825 , 1.25 , 3.9 , 1.75 , 1 , 0
20 , DESAYUNO , 614.1 , 77.45 , 29.565 , 21.8233333333333 , 0.5 , 0 , 2.9 , 0 , 1.5 , 0 , 0 , 1.66666666666667 , 0 , 0 , 0 , 0.75 , 0 , 0 , 0 , 1 , 0 , 13.41 , 0.35 , 3.22 , 444.92 , 91.78 , 4.85 , 3.66 , 355.976666666667 , 3.6 , 0 , 39.2083333333333 , 0 , 0 , 0 , 1 , 1
21 , DESAYUNO , 576.5 , 76 , 19.35 , 23.65 , 0 , 2 , 2 , 0 , 1.5 , 0 , 0 , 1 , 0.666666666666667 , 0 , 0 , 0 , 0 , 1 , 0 , 1 , 0 , 15.85 , 0.2 , 2.73333333333333 , 818.133333333333 , 172.8 , 8.6 , 4.4 , 143.833333333333 , 17.5 , 0 , 205.033333333333 , 0.4 , 2.9 , 1.5 , 1 , 1
22 , DESAYUNO , 608.133333333333 , 68.4466666666667 , 28.2833333333333 , 25.65 , 0.283333333333333 , 1 , 3 , 0 , 0 , 1 , 0 , 0.2 , 0.666666666666667 , 0 , 0 , 1.2 , 0 , 1.66666666666667 , 0 , 0 , 0 , 3.41666666666667 , 0.245 , 3.72666666666667 , 683.753333333333 , 254.275 , 6.85166666666667 , 15.5883333333333 , 568.2 , 9.21333333333333 , 0 , 116.986666666667 , 2.6 , 3.76666666666667 , 1.56666666666667 , 1 , 0
23 , DESAYUNO , 569.566666666667 , 89.9166666666667 , 17.3833333333333 , 17.3166666666667 , 0.283333333333333 , 2 , 3 , 0 , 1.5 , 0 , 1 , 0 , 0 , 0 , 0 , 0.2 , 0 , 1 , 0 , 0.5 , 0 , 16.1666666666667 , 0.245 , 2.5 , 629 , 211.875 , 10.6516666666667 , 7.98833333333333 , 176 , 9.3 , 0 , 25.3 , 0.4 , 2.9 , 1.5 , 1 , 0
24 , DESAYUNO , 702.333333333333 , 91 , 26.0166666666667 , 28.1166666666667 , 0 , 1 , 3.5 , 0 , 1.5 , 0 , 0 , 0 , 0 , 0 , 0 , 1 , 0 , 1 , 1.33333333333333 , 0 , 0 , 13.85 , 0.2 , 4 , 488.833333333333 , 215.2 , 4.8 , 10.5 , 426 , 3.6 , 0 , 54.1 , 3.2 , 6.1 , 2.03333333333333 , 1 , 1
25 , DESAYUNO , 563.65 , 63.2183333333333 , 22.8383333333333 , 25.8533333333333 , 0.9 , 0.683333333333333 , 2 , 0 , 1.5 , 0 , 0 , 1.5 , 0.666666666666667 , 0 , 0 , 0 , 0 , 1 , 0 , 0.5 , 0 , 15.5833333333333 , 0.553333333333333 , 3.13333333333333 , 849.043333333333 , 182.423333333333 , 81.1966666666667 , 3.305 , 155.483333333333 , 24.45 , 0 , 298.083333333333 , 0.4 , 2.9 , 1.5 , 1 , 1
26 , DESAYUNO , 489.166666666667 , 82.4766666666667 , 21.7433333333333 , 9.06333333333333 , 0.683333333333333 , 0 , 4 , 0 , 1.5 , 1.33333333333333 , 0 , 0 , 0 , 0 , 0 , 0 , 0 , 0.1 , 0 , 0.5 , 0 , 13.2666666666667 , 0.145 , 3.86666666666667 , 612.6 , 105.155 , 4.35166666666667 , 24.7283333333333 , 136 , 11.2 , 0 , 18.8 , 0.04 , 0.29 , 0.15 , 1 , 0
27 , DESAYUNO , 609.266666666667 , 61.7666666666667 , 32.2716666666667 , 26.2566666666667 , 0.483333333333333 , 0.5 , 2 , 0 , 1.5 , 0 , 2.66666666666667 , 0 , 0 , 0 , 0 , 0.75 , 0 , 1 , 0 , 0 , 0 , 13.8166666666667 , 0.175 , 4 , 496 , 234.355 , 45.6016666666667 , 31.9083333333333 , 341.85 , 18.8 , 0 , 76.375 , 0.4 , 2.9 , 1.5 , 1 , 0
28 , DESAYUNO , 525.826190476191 , 63.4140476190476 , 24.6920238095238 , 20.4635714285714 , 0.9 , 0.619047619047619 , 2.125 , 0 , 1.5 , 1.33333333333333 , 0 , 0.1 , 0.666666666666667 , 0 , 0 , 0 , 0 , 1 , 0 , 0.5 , 0 , 15.3265476190476 , 0.547619047619048 , 2.305 , 3126.96833333333 , 136.113333333333 , 79.5666666666667 , 2.18 , 128.438333333333 , 12.0566666666667 , 0 , 60.7433333333333 , 0.4 , 2.9 , 1.5 , 1 , 0
29 , DESAYUNO , 708.4 , 91.6 , 27.925 , 26.77 , 0 , 1 , 4 , 0 , 1.5 , 0.6 , 0 , 1.5 , 0 , 0 , 0 , 0.75 , 0 , 1 , 0 , 0 , 0 , 15.05 , 0.1 , 22.6 , 2160.28 , 86.4 , 4.3 , 2.2 , 418.8 , 24.45 , 0 , 316.365 , 0.4 , 2.9 , 1.5 , 1 , 1
30 , DESAYUNO , 547.333333333333 , 62.15 , 23.0666666666667 , 24.0666666666667 , 0 , 1 , 3 , 0 , 0 , 0 , 0 , 1.5 , 0 , 0 , 0 , 0.5 , 0 , 1 , 1.33333333333333 , 0 , 0 , 4.1 , 0.1 , 4.4 , 392.733333333333 , 359.8 , 86.5 , 53.2 , 304.35 , 20.85 , 0 , 315.25 , 3.2 , 6.1 , 2.03333333333333 , 1 , 1
31 , DESAYUNO , 586.766666666667 , 70.9833333333333 , 32.9483333333333 , 19.105 , 0.325 , 1 , 3 , 0 , 0 , 0 , 1.5 , 0 , 0.666666666666667 , 0 , 0 , 1 , 0 , 0 , 0 , 0 , 0.333333333333333 , 3.535 , 0.364166666666667 , 4.41666666666667 , 1469.36666666667 , 287.805833333333 , 13.4541666666667 , 108.2825 , 688.4 , 19.1833333333333 , 0 , 78.95 , 0 , 0 , 0 , 2 , 0
32 , DESAYUNO , 576.1 , 93.3466666666667 , 25.33 , 12.7816666666667 , 1.31666666666667 , 1 , 3.48333333333333 , 0 , 1 , 0 , 0 , 0 , 0.666666666666667 , 0 , 0 , 0.75 , 0 , 0 , 0 , 0 , 0 , 13.555 , 2.46166666666667 , 5.77166666666667 , 261.766666666667 , 620.285 , 19.3083333333333 , 163.023333333333 , 428.083333333333 , 1.73333333333333 , 120.4 , 41.575 , 0 , 0 , 0 , 2 , 0
33 , DESAYUNO , 571.673333333333 , 93.4966666666667 , 18.4493333333333 , 15.7826666666667 , 2.2 , 0 , 4.2 , 0 , 1 , 0 , 0 , 0.14 , 0 , 0 , 0 , 0.14 , 0 , 2.33333333333333 , 0 , 0.666666666666667 , 0 , 10.42 , 4.02 , 3.452 , 2951.17733333333 , 539.7 , 233.86 , 27.98 , 173.73 , 2.946 , 120.4 , 65.4373333333333 , 7.1 , 3.03333333333333 , 0.233333333333333 , 2 , 0
34 , DESAYUNO , 564.633333333333 , 81.6933333333333 , 21.4933333333333 , 17.7066666666667 , 0.283333333333333 , 0 , 4.4 , 0 , 0 , 0 , 1 , 0 , 0 , 0 , 0 , 1 , 0 , 1 , 0 , 0.666666666666667 , 0 , 3.51666666666667 , 0.045 , 3.62 , 357.786666666667 , 39.075 , 2.05166666666667 , 3.58833333333333 , 799.16 , 3.6 , 0 , 48.4 , 2.7 , 1.3 , 0.1 , 2 , 0
35 , DESAYUNO , 563.616666666667 , 97.5333333333333 , 22.6316666666667 , 9.92 , 0.316666666666667 , 1.5 , 3 , 0.666666666666667 , 1 , 0 , 0 , 0 , 0.666666666666667 , 0 , 0 , 0.25 , 0 , 0 , 0 , 0 , 0 , 12.2733333333333 , 2.91166666666667 , 1.6 , 603.716666666667 , 519.635 , 19.7083333333333 , 9.815 , 205 , 1.73333333333333 , 120.4 , 24.45 , 0 , 0 , 0 , 2 , 1
36 , DESAYUNO , 564.033333333333 , 87.66 , 15.9333333333333 , 18.9833333333333 , 0.35 , 1.16666666666667 , 4 , 0 , 0.6 , 0 , 0.5 , 0 , 0 , 0 , 0 , 0 , 0 , 3 , 0 , 0 , 0 , 14.1666666666667 , 1.56833333333333 , 5.25 , 241.5 , 512.041666666667 , 60.3416666666667 , 62.885 , 237.6 , 2.4 , 72.24 , 15.9 , 3.5 , 7.1 , 3.1 , 2 , 1
37 , DESAYUNO , 595.15 , 79.2166666666667 , 13.7766666666667 , 26.7683333333333 , 0.75 , 1.33333333333333 , 2 , 0 , 1 , 0 , 0.25 , 0 , 0 , 0 , 0 , 0 , 0 , 5 , 0 , 0.666666666666667 , 0 , 12.3766666666667 , 2.695 , 1.625 , 239.866666666667 , 628.078333333333 , 28.2783333333333 , 26.3266666666667 , 186 , 1.9 , 120.4 , 15.9 , 4.3 , 12.9 , 6.1 , 2 , 1
38 , DESAYUNO , 502.433333333333 , 87.3466666666667 , 23.5766666666667 , 7.48333333333333 , 0.633333333333333 , 1 , 3 , 0.666666666666667 , 1 , 1 , 0 , 0 , 0.333333333333333 , 0 , 0 , 0 , 0 , 0 , 0 , 0 , 0 , 13.8466666666667 , 2.09666666666667 , 3.26666666666667 , 257.866666666667 , 757.67 , 89.1966666666667 , 61.0066666666667 , 244.3 , 6.16666666666667 , 120.4 , 24.3 , 0 , 0 , 0 , 2 , 1
39 , DESAYUNO , 407.583333333333 , 63.6466666666667 , 17.5566666666667 , 9.66833333333333 , 0.533333333333333 , 1 , 2.4 , 0.333333333333333 , 0 , 1 , 0 , 0.1 , 0 , 0 , 0 , 0.4 , 0 , 0.666666666666667 , 0 , 0.333333333333333 , 0 , 4.22333333333333 , 0.31 , 2.60666666666667 , 109.86 , 521.615 , 74.1016666666667 , 61.2683333333333 , 133.67 , 6.19 , 0 , 56.0766666666667 , 2.2 , 0.866666666666667 , 0.0666666666666667 , 2 , 0
40 , DESAYUNO , 633.5 , 89.75 , 27 , 19.65 , 0 , 0.5 , 3 , 0 , 1.5 , 0 , 0.75 , 0 , 0 , 0 , 0 , 0.75 , 0 , 2 , 0 , 0 , 0 , 13.85 , 3.3 , 2.475 , 94.7 , 594.9 , 55.05 , 0 , 596.25 , 4.2 , 180.6 , 40.275 , 3.1 , 4.2 , 1.6 , 2 , 1
41 , DESAYUNO , 532.55 , 62.9366666666667 , 22.525 , 22.1716666666667 , 0.3 , 0.1 , 2.5 , 0 , 1 , 0 , 0 , 1.6 , 0 , 0 , 0 , 0.2 , 0 , 2.33333333333333 , 0 , 0.333333333333333 , 0 , 9.43333333333333 , 1.87333333333333 , 3.28 , 793.36 , 377.28 , 3.69 , 6.98166666666667 , 162.32 , 23.24 , 120.4 , 323.193333333333 , 4.8 , 4.63333333333333 , 1.63333333333333 , 2 , 1
42 , DESAYUNO , 516.5 , 84.92 , 24.76 , 8.85666666666667 , 0.316666666666667 , 1 , 4.5 , 0 , 0 , 2 , 0 , 0 , 0 , 0 , 0 , 0.2 , 0 , 0.5 , 0 , 0.666666666666667 , 0 , 4.72 , 0.395 , 3.2 , 806.766666666667 , 499.711666666667 , 81.1916666666667 , 93.965 , 164.2 , 10.6 , 0 , 40.6 , 0.2 , 1.45 , 0.75 , 2 , 0
43 , DESAYUNO , 469.845098039216 , 47.808431372549 , 24.6028431372549 , 20.1376470588235 , 0.783333333333333 , 0.529411764705882 , 0 , 2 , 0 , 1.33333333333333 , 0 , 0 , 0.666666666666667 , 0 , 0 , 0.75 , 0 , 1 , 0 , 0 , 0 , 3.53725490196078 , 0.618529411764706 , 1.53333333333333 , 775.133333333333 , 267.104411764706 , 69.4310784313725 , 76.2795098039216 , 352.516666666667 , 7.13333333333333 , 0 , 62.5083333333333 , 0.4 , 2.9 , 1.5 , 2 , 0
44 , DESAYUNO , 706.5 , 97.9166666666667 , 23.4333333333333 , 25.9 , 0 , 1 , 4 , 0 , 0 , 0 , 0 , 0.5 , 0 , 0 , 0 , 1.5 , 0 , 1.33333333333333 , 0 , 0 , 1.33333333333333 , 5.3 , 0.7 , 3.6 , 1260.33333333333 , 254 , 97.6 , 45.8 , 464.95 , 6.95 , 0 , 160.733333333333 , 4.4 , 1.73333333333333 , 0.133333333333333 , 2 , 1
45 , DESAYUNO , 416.333333333333 , 62.83 , 18.4166666666667 , 10.3866666666667 , 0.383333333333333 , 1.5 , 3 , 0 , 0 , 1 , 0 , 0 , 0.666666666666667 , 0 , 0 , 0 , 0 , 1 , 0 , 0.333333333333333 , 0 , 3.37666666666667 , 0.345 , 1.46666666666667 , 357.933333333333 , 372.675 , 35.1516666666667 , 19.3883333333333 , 121.9 , 5.53333333333333 , 0 , 32.9 , 0.4 , 2.9 , 1.5 , 2 , 1
46 , DESAYUNO , 601.783333333333 , 95.6375 , 24.7416666666667 , 15.0158333333333 , 1.025 , 1 , 3 , 0 , 1 , 0 , 0.25 , 0.1 , 0 , 0 , 0 , 0.95 , 0 , 0.666666666666667 , 0 , 0 , 0 , 12.17 , 3.1125 , 3.605 , 537.593333333333 , 564.005 , 18.4875 , 32.23 , 517.52 , 3.29 , 120.4 , 58.9516666666667 , 2.2 , 0.866666666666667 , 0.0666666666666667 , 2 , 0
47 , DESAYUNO , 446.2 , 55.2866666666667 , 17.1466666666667 , 18.005 , 0.35 , 1 , 0 , 2.66666666666667 , 0 , 1.33333333333333 , 0 , 0 , 0 , 0 , 0 , 0.25 , 0 , 1.6 , 0 , 0 , 0 , 4.15666666666667 , 0.258333333333333 , 1.33333333333333 , 964.136666666667 , 432.94 , 90.75 , 65.5216666666667 , 130.5 , 5.46666666666667 , 0 , 38.05 , 0.88 , 3.14 , 1.86 , 2 , 0
48 , DESAYUNO , 413.766666666667 , 61.905 , 16.5166666666667 , 12.04 , 2 , 0 , 2.8 , 0 , 0 , 0 , 0 , 0 , 0.333333333333333 , 0 , 0 , 1.05 , 0 , 0 , 0 , 0.05 , 0 , 5.08 , 0.6 , 2.24333333333333 , 408.56 , 251.2 , 15.4 , 199.9 , 471.25 , 0.366666666666667 , 0 , 44.225 , 0 , 0 , 0 , 2 , 0
49 , DESAYUNO , 535.2 , 80.4416666666667 , 21.0466666666667 , 16.3933333333333 , 0.525 , 1 , 4 , 0 , 0 , 0 , 1.5 , 0 , 0 , 0 , 0 , 0 , 0 , 1.75 , 0 , 0 , 0 , 5.54833333333333 , 1.34916666666667 , 5.05 , 452.475 , 451.271666666667 , 105.500833333333 , 154.931666666667 , 729.1 , 7.2 , 0 , 0 , 1.3 , 4 , 0.85 , 2 , 0
50 , DESAYUNO , 411 , 51.48 , 13.995 , 16.835 , 1.125 , 1 , 0.5 , 2 , 0 , 1 , 0 , 0 , 0 , 0 , 0 , 0 , 0 , 1 , 0 , 0 , 0 , 5.575 , 0.8125 , 2.2 , 545 , 515.8 , 57.7625 , 146.45 , 31.6 , 4.8 , 0 , 27.8 , 0.6 , 2.2 , 0.7 , 2 , 1
51 , DESAYUNO , 509.483333333333 , 61.5633333333333 , 15.92 , 22.9816666666667 , 0.916666666666667 , 0.4 , 3 , 0 , 0 , 0 , 0.5 , 0.1 , 0 , 0 , 0 , 0.75 , 0 , 2.66666666666667 , 0 , 0.166666666666667 , 0 , 2.91666666666667 , 0.388333333333333 , 2.83 , 518.11 , 140.765 , 6.29833333333333 , 34.7933333333333 , 572.68 , 3.19 , 0 , 68.3516666666667 , 5.3 , 5.06666666666667 , 1.66666666666667 , 2 , 1
52 , DESAYUNO , 407.35 , 60.18 , 12.07 , 14.37 , 0.7 , 1 , 3 , 0 , 0 , 0 , 1 , 0 , 0 , 0 , 0 , 0 , 0 , 2 , 0 , 0 , 0 , 4.525 , 0.82 , 2.5 , 237.2 , 295.675 , 69.41 , 28.98 , 450 , 3.6 , 0 , 15.9 , 3.1 , 4.2 , 1.6 , 2 , 1
53 , DESAYUNO , 536.666666666667 , 71.2166666666667 , 19.6666666666667 , 20.05 , 0.5 , 0 , 3 , 0 , 0 , 0 , 0 , 0 , 0 , 0 , 0 , 1 , 0 , 0 , 1.33333333333333 , 0 , 1.33333333333333 , 3.2 , 0.4 , 3.2 , 372.5 , 172.7 , 6.25 , 2 , 418.6 , 0 , 0 , 54.1 , 2.8 , 3.2 , 0.533333333333333 , 2 , 0
54 , DESAYUNO , 509.966666666667 , 66.0366666666667 , 19.0233333333333 , 19.0966666666667 , 1.28333333333333 , 0.5 , 0.2 , 3 , 0 , 0 , 0.75 , 0 , 0 , 0 , 0 , 0.75 , 0 , 1 , 0 , 0 , 0 , 3.13666666666667 , 1.145 , 1.115 , 1000.4 , 359.925 , 68.9016666666667 , 35.2883333333333 , 480.35 , 3.6 , 0 , 24.375 , 0.4 , 2.9 , 1.5 , 2 , 0
55 , DESAYUNO , 438.6 , 82.63 , 15.37 , 7.42 , 1.2 , 1 , 3 , 0 , 1 , 0 , 0 , 0 , 0 , 0 , 0 , 0 , 0 , 1 , 0 , 0 , 0 , 12.05 , 2.72 , 3.2 , 233.5 , 825.6 , 40.41 , 19.68 , 132.4 , 1 , 120.4 , 0 , 0.4 , 2.9 , 1.5 , 2 , 0
56 , DESAYUNO , 467.983333333333 , 79.6416666666667 , 15.3516666666667 , 11.8666666666667 , 0.516666666666667 , 1 , 3.2 , 0.666666666666667 , 0.5 , 0 , 0.5 , 0 , 0 , 0 , 0 , 0 , 0 , 1 , 0 , 0 , 0 , 13 , 1.325 , 4.54333333333333 , 241.746666666667 , 665.098333333333 , 77.115 , 76.7883333333334 , 235.24 , 2.3 , 60.2 , 0 , 0.4 , 2.9 , 1.5 , 0 , 1
57 , DESAYUNO , 463.242857142857 , 75.5990476190476 , 13.4961904761905 , 13.4152380952381 , 0.2 , 1.28571428571429 , 3 , 0.666666666666667 , 0 , 0 , 0 , 1 , 0 , 0 , 0 , 0 , 0 , 1 , 0 , 0.5 , 0 , 5.71904761904762 , 0.234285714285714 , 4.33333333333333 , 299.966666666667 , 376.6 , 87.36 , 59.78 , 173.5 , 13.9 , 0 , 186.1 , 0.4 , 2.9 , 1.5 , 2 , 1
58 , DESAYUNO , 504.066666666667 , 66.4133333333333 , 24.9416666666667 , 16.6566666666667 , 1.33333333333333 , 0.85 , 2 , 0 , 1 , 0 , 0.25 , 2 , 0 , 0 , 0 , 0 , 0 , 1 , 0 , 0 , 0 , 11.7583333333333 , 2.38666666666667 , 3.225 , 589.2 , 746.18 , 52.0366666666667 , 31.0316666666667 , 232.6 , 29.7 , 120.4 , 372.2 , 0.4 , 2.9 , 1.5 , 2 , 1
59 , DESAYUNO , 434.983333333333 , 72.5233333333333 , 22.2716666666667 , 7.42833333333333 , 0.8 , 1 , 2.5 , 0 , 1 , 1.33333333333333 , 0 , 0 , 0 , 0 , 0 , 0 , 0 , 1 , 0 , 0 , 0 , 12.8033333333333 , 2.45333333333333 , 2.66666666666667 , 258.033333333333 , 946.98 , 80.93 , 46.4016666666667 , 129.266666666667 , 7.4 , 120.4 , 20.9333333333333 , 0.4 , 2.9 , 1.5 , 2 , 0
60 , DESAYUNO , 567.983333333333 , 80.3233333333333 , 19.055 , 19.045 , 1.3 , 0 , 4 , 0 , 0 , 0 , 0 , 0 , 0.666666666666667 , 0 , 0 , 1 , 0 , 1 , 0 , 1 , 0 , 3.55333333333333 , 0.553333333333333 , 3.06666666666667 , 350.5 , 225.78 , 14.43 , 27.9016666666667 , 556.4 , 0.733333333333333 , 0 , 49.7 , 0.4 , 2.9 , 1.5 , 2 , 0
61 , DESAYUNO , 488.466666666667 , 59.82 , 20.3 , 19.2433333333333 , 0 , 1 , 2.8 , 0 , 0 , 0 , 0.5 , 1 , 0.666666666666667 , 0 , 0 , 0 , 0 , 1.66666666666667 , 0 , 0.5 , 0 , 3.35 , 0.5 , 4.38666666666667 , 544.183333333333 , 303.75 , 34.3 , 17.96 , 239.3 , 18.2833333333333 , 0 , 240.466666666667 , 4.9 , 2.16666666666667 , 0.166666666666667 , 2 , 0
62 , DESAYUNO , 505.3 , 89.48 , 19.265 , 9.85 , 0.9 , 1 , 3.2 , 0 , 1 , 0 , 0.75 , 0 , 0 , 0 , 0 , 0 , 0 , 1 , 0 , 0.5 , 0 , 15.86 , 2.5 , 4.235 , 241.08 , 593.63 , 52.55 , 42.42 , 285.84 , 3.7 , 120.4 , 15.9 , 2.7 , 1.3 , 0.1 , 2 , 1
63 , DESAYUNO , 667.666666666667 , 108.88 , 24.58 , 16.8933333333333 , 2 , 0 , 5.4 , 0 , 1 , 0 , 0 , 0.1 , 0.666666666666667 , 0 , 0 , 0.1 , 0 , 1.66666666666667 , 0 , 0.5 , 0 , 14.24 , 2.4 , 5.02666666666667 , 1087.99333333333 , 556.5 , 15.4 , 207.5 , 261.95 , 3.12333333333333 , 120.4 , 48.5266666666667 , 2.6 , 3.76666666666667 , 1.56666666666667 , 2 , 0
64 , DESAYUNO , 469.388235294118 , 76.1249019607843 , 19.1254901960784 , 11.6390196078431 , 1.28333333333333 , 1.07058823529412 , 2.5 , 0 , 1 , 0 , 0 , 0 , 0.666666666666667 , 0 , 0 , 0 , 0 , 1 , 0 , 0 , 0 , 12.4160784313725 , 3.44147058823529 , 3.06666666666667 , 2326 , 856.305588235294 , 218.252254901961 , 58.1671568627451 , 218.8 , 1.73333333333333 , 120.4 , 17.2 , 0.4 , 2.9 , 1.5 , 2 , 0
65 , DESAYUNO , 501.23 , 68.7173333333333 , 17.3493333333333 , 19.767 , 1.41666666666667 , 0.66 , 3.3 , 0 , 0 , 0 , 0.5 , 0 , 0 , 0 , 0 , 0.75 , 0 , 1 , 0.666666666666667 , 0 , 0 , 6.60066666666667 , 1.34033333333333 , 4.09 , 555.726666666667 , 305.517 , 121.446333333333 , 27.2033333333333 , 438.33 , 1.8 , 0 , 24.375 , 0.8 , 5.7 , 2.76666666666667 , 2 , 1
66 , DESAYUNO , 626.103333333333 , 66.1446666666667 , 37.822 , 24.8103333333333 , 0.383333333333333 , 0.66 , 2.4 , 0 , 0.66 , 0 , 0 , 1.5 , 0 , 0 , 0 , 0.75 , 0 , 0.5 , 0.666666666666667 , 0 , 0 , 8.184 , 1.39833333333333 , 3.07 , 932.676666666667 , 407.685 , 6.98966666666667 , 12.54 , 371.5 , 0.66 , 79.464 , 108.975 , 0.6 , 4.25 , 2.01666666666667 , 2 , 0
67 , DESAYUNO , 532.25 , 70.155 , 26.2783333333333 , 17.4433333333333 , 0.7 , 1 , 2 , 0.333333333333333 , 1 , 0 , 0.25 , 2 , 0 , 0 , 0 , 0 , 0 , 1 , 0 , 0 , 0 , 12.35 , 2.29333333333333 , 3.66666666666667 , 464.258333333333 , 817.64 , 76.96 , 56.6816666666667 , 174.2 , 30.625 , 120.4 , 378.1 , 0.4 , 2.9 , 1.5 , 2 , 1
68 , DESAYUNO , 477.25 , 52.5966666666667 , 19.615 , 20.375 , 0.133333333333333 , 0 , 2.6 , 0 , 0 , 1 , 0 , 0.1 , 0.4 , 0 , 0 , 0.85 , 0 , 1.66666666666667 , 0 , 0.5 , 0 , 0.946666666666667 , 0.05 , 1.92 , 495.013333333333 , 22.275 , 1.19166666666667 , 9.72833333333333 , 255.36 , 6.19 , 0 , 82.7616666666667 , 2.6 , 3.76666666666667 , 1.56666666666667 , 2 , 0
69 , DESAYUNO , 467.633333333333 , 60.61 , 23.1233333333333 , 15.18 , 0.8 , 1 , 0.5 , 2 , 0 , 0 , 1 , 0 , 0.666666666666667 , 0 , 0 , 0.5 , 0 , 0 , 0 , 0 , 0 , 3.06 , 1.17 , 2.56666666666667 , 747.4 , 204.88 , 17.41 , 4.06 , 280.4 , 13.9333333333333 , 0 , 57.7 , 0 , 0 , 0 , 2 , 0
70 , DESAYUNO , 428.041176470588 , 90.9711764705882 , 15.6141176470588 , 2.68176470588235 , 1.45 , 1.35294117647059 , 3 , 0 , 1 , 0 , 0 , 0 , 0 , 0 , 0 , 0 , 0 , 0 , 0 , 0 , 0 , 14.1970588235294 , 3.27735294117647 , 3.2 , 2326 , 811.927941176471 , 63.0379411764706 , 27.7991176470588 , 132.4 , 1 , 120.4 , 0 , 0 , 0 , 0 , 2 , 0
71 , DESAYUNO , 347.133333333333 , 45.0683333333333 , 14.1416666666667 , 13.6683333333333 , 1.31666666666667 , 1 , 2 , 0 , 0 , 0 , 0 , 1.5 , 0 , 0 , 0 , 0 , 0 , 0.75 , 0 , 0 , 0 , 3.37333333333333 , 0.675 , 3 , 736.375 , 571.59 , 80.7133333333333 , 51.0966666666667 , 61.95 , 20.85 , 0 , 279.15 , 0.6 , 0.3 , 0.45 , 2 , 1
72 , DESAYUNO , 704.796666666667 , 73.394 , 31.746 , 32.6736666666667 , 0.383333333333333 , 0.66 , 2.6 , 0 , 1 , 0 , 0 , 0 , 2 , 0 , 0 , 0.75 , 0 , 1 , 0 , 0 , 0 , 11.134 , 2.01033333333333 , 2.88 , 827.76 , 511.487 , 6.98966666666667 , 12.54 , 362.13 , 1 , 120.4 , 81.175 , 0.4 , 2.9 , 1.5 , 2 , 0
73 , DESAYUNO , 601.3 , 89.5133333333333 , 25.2933333333333 , 17.9766666666667 , 0.9 , 2 , 2 , 0.666666666666667 , 1 , 0 , 0 , 1.5 , 0 , 0 , 0 , 0.5 , 0 , 0.5 , 0 , 0 , 0 , 14.2533333333333 , 2.3 , 3.13333333333333 , 616.866666666667 , 529.98 , 12.4 , 10.98 , 307.35 , 21.85 , 120.4 , 293.65 , 0.2 , 1.45 , 0.75 , 2 , 1
74 , DESAYUNO , 593.766666666667 , 84.7333333333333 , 19.53 , 20.9533333333333 , 1.2 , 2 , 3 , 0.666666666666667 , 0 , 1.33333333333333 , 0 , 0 , 0 , 0 , 0 , 0.5 , 0 , 2.66666666666667 , 0 , 0 , 0 , 7.03333333333333 , 1.32 , 3 , 351.233333333333 , 298.4 , 125.96 , 18.38 , 335.466666666667 , 6.4 , 0 , 55.6 , 4.7 , 3.76666666666667 , 1.56666666666667 , 2 , 1
75 , DESAYUNO , 603.116666666667 , 66.5533333333333 , 17.72 , 30.6516666666667 , 0.05 , 0 , 2.8 , 0 , 1 , 0 , 0 , 1 , 0 , 0 , 0 , 0 , 0 , 4.5 , 0 , 0 , 0.666666666666667 , 10.09 , 1.825 , 3.44 , 531.653333333333 , 305.3 , 0 , 3.36 , 161.06 , 14.9 , 120.4 , 186.1 , 1.8 , 13.05 , 6.75 , 2 , 1
76 , DESAYUNO , 517.3 , 83.82 , 20.82 , 12.75 , 1.2 , 1 , 3.9 , 0 , 0.4 , 0 , 0 , 1 , 0 , 0 , 0 , 0.7 , 0 , 0 , 0 , 0 , 0 , 11.33 , 1.44 , 6.77 , 492.66 , 398.02 , 14.01 , 176.21 , 284.12 , 14.3 , 48.16 , 208.85 , 0 , 0 , 0 , 2 , 1
77 , DESAYUNO , 305.15 , 55.8866666666667 , 16.8333333333333 , 2.675 , 0.333333333333333 , 1 , 2.4 , 0 , 0.4 , 1.33333333333333 , 0 , 0 , 0 , 0 , 0 , 0 , 0 , 0 , 0 , 0 , 0 , 9.37666666666667 , 0.99 , 3.38666666666667 , 259.593333333333 , 588.295 , 74.1016666666667 , 53.8683333333333 , 64.7466666666667 , 6.8 , 48.16 , 20.9333333333333 , 0 , 0 , 0 , 2 , 1
78 , DESAYUNO , 402.020588235294 , 43.6172549019608 , 16.2037254901961 , 18.4358823529412 , 0.35 , 0.293137254901961 , 0 , 2 , 0 , 0 , 0 , 0 , 0.666666666666667 , 0 , 0 , 0.75 , 0 , 0.75 , 0 , 0 , 0 , 2.39352941176471 , 0.381176470588235 , 1.26666666666667 , 753.375 , 149.233137254902 , 28.4898039215686 , 19.9687254901961 , 348.25 , 0.733333333333333 , 0 , 41.575 , 0.6 , 0.3 , 0.45 , 2 , 1
79 , DESAYUNO , 562 , 83.4166666666667 , 27.6516666666667 , 14.4633333333333 , 1.3 , 0.666666666666667 , 2.5 , 0 , 1 , 1.33333333333333 , 0 , 0 , 0 , 0 , 0 , 0.75 , 0 , 1 , 0 , 0.5 , 0 , 14.5866666666667 , 2.46666666666667 , 2.26666666666667 , 346.1 , 565.926666666667 , 159.613333333333 , 58.28 , 335.85 , 8.6 , 120.4 , 43.175 , 0.4 , 2.9 , 1.5 , 2 , 0
80 , COLACION_MATUTINA , 549.696666666667 , 44.463 , 19.1783333333333 , 33.9406666666667 , 1.2 , 1 , 0.2 , 2.5 , 0 , 0.9 , 1 , 0.01 , 0 , 0 , 0 , 0 , 0 , 1.83333333333333 , 0 , 0 , 0 , 5.27 , 1.38 , 1.318 , 423.962666666667 , 400.18 , 197.6 , 62.82 , 18.613 , 25.549 , 0 , 46.7343333333333 , 2.85 , 3.98333333333333 , 1.58333333333333 , 0 , 1
81 , COLACION_MATUTINA , 551.65 , 77.7 , 29.8216666666667 , 13.9716666666667 , 0.2 , 2 , 3.2 , 0 , 0 , 2 , 0 , 0 , 0 , 0 , 0 , 0.5 , 0 , 1 , 0.5 , 0 , 0 , 4.47333333333333 , 1.01 , 1.34 , 496.5 , 375.743333333333 , 20.9666666666667 , 21.5116666666667 , 169.8 , 13.4 , 0 , 72.8 , 1.1 , 4.1 , 1.5 , 0 , 1
82 , COLACION_MATUTINA , 486.5 , 58.88 , 28.47 , 16.01 , 1 , 1 , 2.5 , 0 , 0 , 2 , 0 , 0 , 0 , 0 , 0 , 0 , 0 , 2 , 1 , 0 , 0 , 5.35 , 0.4 , 2.8 , 820.2 , 631.9 , 75.85 , 52.4 , 68.2 , 13.4 , 0 , 70.4 , 1.2 , 4.4 , 1.4 , 0 , 1
83 , COLACION_MATUTINA , 533.733333333333 , 71.195 , 19.9716666666667 , 19.915 , 0.366666666666667 , 2 , 3 , 0 , 0 , 0 , 1 , 0 , 0 , 0 , 0 , 0.5 , 0 , 1.45 , 1 , 0 , 0 , 4.99333333333333 , 0.376666666666667 , 0.9 , 1020.165 , 256.543333333333 , 17.85 , 19.4866666666667 , 164.9 , 12.3 , 0 , 46.1 , 1.56 , 6.78 , 3.07 , 0 , 1
84 , COLACION_MATUTINA , 539 , 61.05 , 29.45 , 19.35 , 0 , 1 , 0 , 3 , 0 , 0 , 1.5 , 0 , 1 , 0 , 0 , 0 , 0 , 0 , 1 , 0 , 0 , 0.9 , 0.3 , 2.35 , 1814.4 , 186 , 15 , 4 , 204.9 , 19.55 , 0 , 55.05 , 0 , 0 , 0 , 0 , 1
85 , COLACION_MATUTINA , 525.428205128205 , 75.821282051282 , 19.8161538461538 , 18.2497435897436 , 0.25 , 1.1 , 3.2 , 0 , 0 , 0 , 1 , 0 , 0 , 0 , 0 , 0 , 0 , 0.9 , 1.24358974358974 , 1 , 0 , 4.90333333333333 , 0.418333333333333 , 2.66 , 340.795384615385 , 545.375 , 64.575 , 90.3416666666667 , 533.2 , 4.8 , 0 , 0 , 1.99692307692308 , 3.81641025641026 , 2.74641025641026 , 0 , 0
86 , COLACION_MATUTINA , 509.533333333333 , 48.04 , 17.2366666666667 , 29.1 , 0.366666666666667 , 1 , 0 , 2 , 0 , 0 , 1 , 0 , 0 , 0 , 0 , 0 , 0 , 1.9 , 1 , 0 , 0 , 4.39333333333333 , 0.376666666666667 , 1.5 , 898.63 , 384.743333333333 , 19.85 , 94.5866666666667 , 24 , 12.3 , 0 , 31.6 , 1.92 , 6.66 , 2.54 , 0 , 1
87 , COLACION_MATUTINA , 509.583333333333 , 71.3416666666667 , 22.7566666666667 , 15.175 , 1 , 0.8 , 3.2 , 0 , 0 , 0 , 0.25 , 0 , 1.73333333333333 , 0 , 0 , 0 , 0 , 0.2 , 0 , 0.55 , 0 , 7.89333333333333 , 1.23333333333333 , 4.63333333333333 , 638.565 , 423.413333333333 , 160.233333333333 , 26.0466666666667 , 200.06 , 3.93166666666667 , 0 , 48.7 , 0.14 , 0.74 , 0.08 , 0 , 1
88 , COLACION_MATUTINA , 396.283333333333 , 49.7416666666667 , 15.3033333333333 , 15.78 , 0.2 , 1 , 2 , 0 , 0 , 0 , 0.5 , 0 , 0.4 , 0 , 0 , 0 , 0 , 1.45 , 1 , 0 , 0 , 3.34333333333333 , 0.31 , 2.8 , 808.515 , 474.543333333333 , 77.2166666666667 , 106.411666666667 , 204.8 , 4.01 , 0 , 23.9 , 0.96 , 2.38 , 0.97 , 0 , 1
89 , COLACION_MATUTINA , 513.491666666667 , 65.5641666666667 , 21.8758333333333 , 20.41 , 1.725 , 0.666666666666667 , 2.6 , 0 , 0 , 0 , 0 , 0 , 1.16666666666667 , 0 , 0 , 0 , 0 , 1.5 , 1 , 0 , 0 , 5.85583333333333 , 1.31083333333333 , 3.13333333333333 , 958.733333333333 , 254.333333333333 , 84.1025 , 42.0933333333333 , 81.2833333333333 , 0.55 , 0 , 53.7833333333333 , 3 , 2.4 , 0.45 , 0 , 1
90 , COLACION_MATUTINA , 468 , 61.13 , 26.72 , 15.26 , 1 , 1 , 2.5 , 0 , 0 , 2 , 0 , 0 , 0 , 0 , 0 , 0 , 0 , 1 , 1 , 0 , 0 , 7.3 , 0.9 , 2.2 , 299.9 , 317.9 , 14.8 , 12.6 , 22.6 , 13.4 , 0 , 58.3 , 1.1 , 6.5 , 2 , 0 , 1
91 , COLACION_MATUTINA , 388.025 , 68.5783333333333 , 17.9958333333333 , 6.78083333333333 , 0.691666666666667 , 1.16666666666667 , 3 , 0 , 0 , 1 , 0 , 0 , 0 , 0 , 0 , 0 , 0 , 0.25 , 0.666666666666667 , 0 , 0 , 7.89833333333333 , 0.6125 , 1.1 , 846.266666666667 , 413.419166666667 , 197.059166666667 , 32.4633333333333 , 27.6 , 5.7 , 0 , 24.9 , 1.5 , 2.325 , 0.641666666666667 , 0 , 1
92 , COLACION_MATUTINA , 492.866666666667 , 51.45 , 32.495 , 17.68 , 0.233333333333333 , 1.16666666666667 , 0.25 , 2 , 0 , 2 , 0 , 0.2 , 1 , 0 , 0 , 0 , 0 , 0.6 , 0 , 0 , 0 , 3.61166666666667 , 0.62 , 2.41 , 739.69 , 564.77 , 112.216666666667 , 57.4566666666667 , 194.51 , 17.28 , 0 , 109.22 , 0.48 , 0.24 , 0.36 , 0 , 1
93 , COLACION_MATUTINA , 481 , 41 , 20.5 , 26.5 , 2 , 2 , 0 , 0 , 0 , 0 , 0 , 0 , 2.66666666666667 , 0 , 0 , 0 , 0 , 0 , 0 , 1 , 0 , 6.4 , 0.8 , 1.33333333333333 , 1008.33333333333 , 840 , 17.2 , 45.4 , 11.7333333333333 , 0 , 0 , 75.7333333333333 , 0 , 0 , 0 , 0 , 1
94 , COLACION_MATUTINA , 423.966666666667 , 63.9033333333333 , 15.5833333333333 , 11.96 , 0.266666666666667 , 0.5 , 3.5 , 0 , 0 , 0 , 0.5 , 0 , 0 , 0 , 0 , 0 , 0 , 1 , 1 , 0 , 0 , 4.44333333333333 , 0.253333333333333 , 3.4 , 1017.35 , 210.446666666667 , 46.1066666666667 , 73.1166666666667 , 104.4 , 3.65 , 0 , 23.9 , 0.6 , 2.2 , 0.7 , 0 , 1
95 , COLACION_MATUTINA , 407.933333333333 , 43.585 , 17.5166666666667 , 18.7483333333333 , 0.4 , 1 , 0 , 2 , 0 , 0 , 0.25 , 0 , 1.33333333333333 , 0 , 0 , 0 , 0 , 0.6 , 0 , 0 , 0 , 2.38666666666667 , 0.52 , 1.9 , 704.978333333333 , 589.286666666667 , 67.9333333333333 , 48.4233333333333 , 137.633333333333 , 2.55833333333333 , 0 , 42.0333333333333 , 0.48 , 0.24 , 0.36 , 0 , 1
96 , COLACION_MATUTINA , 351.266666666667 , 43.9333333333333 , 14.9733333333333 , 13.4133333333333 , 0.283333333333333 , 1 , 0 , 2 , 0 , 1 , 0 , 0 , 0 , 0 , 0 , 0 , 0 , 0 , 0 , 0 , 0 , 4.72666666666667 , 0.351666666666667 , 1.5 , 285.7 , 328.168333333333 , 71.5583333333333 , 110.728333333333 , 24.9 , 6.7 , 0 , 23.1 , 0 , 0 , 0 , 0 , 1
97 , COLACION_MATUTINA , 498.13 , 28.5196666666667 , 20.1216666666667 , 34.4606666666667 , 0 , 1.16666666666667 , 0 , 1 , 0 , 0 , 0 , 0.01 , 2.66666666666667 , 0 , 0 , 0 , 0 , 0 , 0 , 0.5 , 0 , 5.61666666666667 , 0.416666666666667 , 1.34133333333333 , 843.049333333333 , 415.466666666667 , 185.533333333333 , 13.5 , 15.8663333333333 , 0.139 , 0 , 77.5943333333333 , 0 , 0 , 0 , 0 , 1
98 , COLACION_MATUTINA , 408.04 , 36.516 , 25.265 , 18.748 , 1.5 , 1.5 , 0.29 , 0 , 0 , 3 , 0 , 0.1 , 0 , 0 , 0 , 0.1 , 0 , 3 , 0 , 1 , 0 , 4.845 , 0.6 , 0.766 , 668.63 , 614.85 , 38.35 , 31.858 , 42.2 , 17.29 , 0 , 73.71 , 1.2 , 8.7 , 4.5 , 0 , 1
99 , COLACION_MATUTINA , 529.941666666667 , 46.5575 , 19.7708333333333 , 30.105 , 0.258333333333333 , 1 , 0 , 2 , 0 , 0 , 0.5 , 0 , 1.6 , 0 , 0 , 0 , 0 , 1 , 0 , 0 , 0 , 4.23916666666667 , 0.560833333333333 , 1.8 , 503.25 , 286.086666666667 , 98.3425 , 101.148333333333 , 23.2 , 5.09 , 0 , 23.9 , 0.6 , 2.2 , 0.7 , 0 , 1
100 , COLACION_MATUTINA , 498.833333333333 , 50.445 , 21.095 , 23.3783333333333 , 0.233333333333333 , 0.5 , 3 , 0 , 0 , 0 , 0 , 0 , 2 , 0 , 0 , 0 , 0 , 1.45 , 0 , 0 , 0 , 2.57 , 0.236666666666667 , 1.93333333333333 , 704.631666666667 , 204.836666666667 , 44.95 , 37.94 , 124.566666666667 , 0.733333333333333 , 0 , 67.1666666666667 , 0.96 , 2.38 , 0.97 , 0 , 1
101 , COLACION_MATUTINA , 486.866666666667 , 53.7916666666667 , 22.0216666666667 , 22.135 , 0.316666666666667 , 1.33333333333333 , 2 , 0 , 0 , 1 , 0 , 0 , 0.666666666666667 , 0 , 0 , 0 , 0 , 0.75 , 1.5 , 0 , 0 , 6.10333333333333 , 1.02833333333333 , 3.16666666666667 , 322.425 , 269.945 , 95.9083333333333 , 75.815 , 300.3 , 7.43333333333333 , 0 , 40.3 , 1.45 , 6.65 , 3 , 0 , 1
102 , COLACION_MATUTINA , 378.696666666667 , 56.9896666666667 , 24.118 , 7.25033333333333 , 1.66 , 0.5 , 3 , 0 , 0 , 0 , 1 , 0 , 0.666666666666667 , 0 , 0 , 0 , 0 , 0 , 0 , 0 , 0 , 6.04 , 0.729 , 1.76666666666667 , 603.5 , 327.94 , 56.232 , 38.13 , 121.1 , 12.1333333333333 , 0 , 43.2 , 0 , 0 , 0 , 0 , 1
103 , COLACION_MATUTINA , 479 , 73.925 , 19.075 , 13.225 , 0 , 1 , 3 , 0 , 1.5 , 0 , 1 , 0 , 0 , 0 , 0 , 0 , 0 , 0.75 , 0 , 0 , 0 , 11.85 , 0.3 , 0.7 , 696.375 , 167.2 , 3.8 , 3.8 , 298.5 , 7.2 , 0 , 0 , 0.6 , 0.3 , 0.45 , 0 , 0
104 , COLACION_MATUTINA , 520.666666666667 , 81.24 , 16.6133333333333 , 15.8466666666667 , 0 , 1.5 , 3 , 0 , 0 , 0 , 0 , 0.2 , 0 , 1 , 0 , 0.2 , 0 , 1.33333333333333 , 1 , 0 , 0 , 4.3 , 0.8 , 2.56 , 972.686666666667 , 220.7 , 13.4 , 10.15 , 279.9 , 2.78 , 0 , 62.6533333333333 , 5.4 , 4.23333333333333 , 1.63333333333333 , 0 , 1
105 , COLACION_MATUTINA , 363.363333333333 , 58.923 , 18.9513333333333 , 5.617 , 0.66 , 1 , 3 , 0 , 0 , 1 , 0 , 0 , 0.666666666666667 , 0 , 0 , 0 , 0 , 0 , 0 , 0 , 0 , 3.39 , 0.929 , 1.76666666666667 , 588.7 , 213.04 , 14.732 , 8.48 , 121.4 , 6.43333333333333 , 0 , 31.3 , 0 , 0 , 0 , 0 , 1
106 , COLACION_MATUTINA , 624.922333333333 , 44.6467666666667 , 22.7521666666667 , 41.5264666666667 , 1.85833333333333 , 0 , 0.104 , 4 , 0 , 1 , 0 , 0.01 , 0.666666666666667 , 0 , 0 , 0 , 0 , 0.5 , 0.466666666666667 , 0 , 0 , 4.91116666666667 , 0.6275 , 0.948266666666667 , 648.218 , 205.525 , 15.6941666666667 , 18.4591333333333 , 113.645 , 6.17233333333333 , 0 , 42.511 , 0.3 , 1.1 , 0.35 , 0 , 1
107 , COLACION_MATUTINA , 267.9 , 46.0766666666667 , 5.90666666666667 , 8.42333333333333 , 0 , 2 , 1 , 0.333333333333333 , 0 , 0 , 0 , 0 , 0 , 0 , 0 , 0.1 , 0 , 1 , 0 , 0 , 0 , 6.11666666666667 , 0.45 , 0.566666666666667 , 246.133333333333 , 612.9 , 38.9 , 28.95 , 39.7 , 0 , 0 , 2.9 , 0.4 , 2.9 , 1.5 , 0 , 1
108 , COLACION_MATUTINA , 569.8 , 51.1 , 24.47 , 30.05 , 1.5 , 0.5 , 0 , 0 , 0 , 0 , 0 , 0 , 2.66666666666667 , 0 , 0 , 0 , 0.8 , 0 , 0 , 1 , 0 , 3.2 , 0.45 , 1.33333333333333 , 1073.37333333333 , 431.75 , 10.55 , 18.5 , 189.253333333333 , 0 , 0 , 75.7333333333333 , 0 , 0 , 0 , 0 , 1
109 , COLACION_MATUTINA , 366.996666666667 , 51.8213333333333 , 21.533 , 7.98866666666667 , 0.36 , 0.666666666666667 , 3 , 0 , 0 , 1.33333333333333 , 0 , 0 , 0.666666666666667 , 0 , 0 , 0 , 0 , 0.45 , 0 , 0 , 0 , 5.47 , 0.402333333333333 , 1.53333333333333 , 367.065 , 229.828333333333 , 155.803666666667 , 15.8616666666667 , 123.5 , 7.8 , 0 , 40.4 , 0.36 , 0.18 , 0.27 , 0 , 1
110 , COLACION_MATUTINA , 373.766666666667 , 28.74 , 30.0566666666667 , 15.5 , 1 , 0 , 1 , 0 , 0 , 0 , 2 , 0 , 1.33333333333333 , 0 , 0 , 0 , 0 , 0 , 0 , 1 , 0.3 , 1 , 0.3 , 4.83333333333333 , 1324.37 , 152.9 , 2.9 , 35.1 , 297.7 , 16.0666666666667 , 0 , 81.6 , 0 , 0 , 0 , 0 , 0
111 , COLACION_MATUTINA , 363.95 , 60.0366666666667 , 15.5 , 7.205 , 0.35 , 1.16666666666667 , 3 , 0 , 0 , 1 , 0 , 0 , 0 , 0 , 0 , 0 , 0 , 1 , 0 , 0 , 0 , 6.04666666666667 , 0.828333333333333 , 3.5 , 497.9 , 401.003333333333 , 122.916666666667 , 134.746666666667 , 307.5 , 5.3 , 0 , 29.5 , 0.6 , 2.2 , 0.7 , 0 , 0
112 , COLACION_MATUTINA , 425.866666666667 , 30.35 , 28.8166666666667 , 21.6 , 0 , 1 , 0.8 , 0 , 0 , 0 , 2 , 0 , 1.6 , 0 , 0 , 0 , 0 , 0.666666666666667 , 0 , 0.5 , 0 , 1.48 , 0.3 , 2.8 , 933.98 , 494.4 , 57.6 , 32.24 , 8.8 , 16.04 , 0 , 47.2 , 2.33333333333333 , 0 , 0 , 0 , 0
113 , COLACION_MATUTINA , 525.306666666667 , 67.081 , 17.9333333333333 , 21.583 , 0 , 1.33333333333333 , 0.29 , 3 , 0 , 1.33333333333333 , 0 , 0.1 , 0 , 0 , 0 , 0 , 0 , 2.75 , 0 , 0 , 0 , 2.66166666666667 , 0.666666666666667 , 1.73266666666667 , 933.905 , 186.266666666667 , 25.6 , 17.2746666666667 , 67.3 , 8.99 , 0 , 37.41 , 1.4 , 6.1 , 3.45 , 0 , 1
114 , COLACION_MATUTINA , 346.833333333333 , 47.24 , 12.7083333333333 , 14.2816666666667 , 0.491666666666667 , 1 , 2 , 0 , 0 , 0 , 1 , 0 , 0 , 0 , 0 , 0 , 0 , 2 , 0 , 0.5 , 0 , 3.06166666666667 , 0.814166666666667 , 2.3 , 670 , 272.939166666667 , 16.6141666666667 , 29.4858333333333 , 56.6 , 5.7 , 0 , 31.6 , 1 , 5.1 , 2.2 , 0 , 0
115 , COLACION_MATUTINA , 355.6 , 49.83 , 15.62 , 12.97 , 0.3 , 1 , 2.1 , 0 , 0 , 1 , 0 , 0 , 0 , 0 , 0 , 0 , 0 , 1 , 1 , 0 , 0 , 3.76 , 0.42 , 0.57 , 287.65 , 190.27 , 4.25 , 15.38 , 9.4 , 5.3 , 0 , 31.4 , 2.15 , 6.05 , 1.7 , 0 , 0
116 , COLACION_MATUTINA , 390.3 , 41.77 , 26.52 , 15.15 , 2.2 , 1 , 0.4 , 0 , 0 , 0 , 3 , 0 , 0 , 0 , 0 , 0 , 0 , 1 , 0 , 1 , 0 , 9.4 , 0.82 , 3.02 , 625.62 , 587.6 , 97.56 , 67.28 , 14.96 , 17.1 , 0 , 58.5 , 0.4 , 2.9 , 1.5 , 0 , 0
117 , COMIDA_ENTRADA , 90.2 , 5.71 , 9.8 , 3.5 , 0.65 , 0 , 0 , 0 , 0 , 0 , 1 , 0 , 0 , 0 , 0 , 0 , 0 , 0.3 , 0 , 0 , 0 , 1.07 , 0.225 , 0.5 , 273.01 , 114.14 , 4.78 , 27.04 , 4.5 , 6.1 , 0 , 37.4 , 0.24 , 0.12 , 0.18 , 0 , 1
118 , COMIDA_ENTRADA , 127.766666666667 , 17.0466666666667 , 3.10333333333333 , 5.56666666666667 , 0.483333333333333 , 0 , 1 , 0 , 0 , 0 , 0 , 0 , 0 , 0 , 0 , 0 , 0 , 1 , 0 , 0 , 0 , 1.36666666666667 , 0.095 , 0.6 , 233.7 , 72.115 , 3.20166666666667 , 18.3583333333333 , 4.2 , 0 , 0 , 0 , 0.4 , 2.9 , 1.5 , 0 , 1
119 , COMIDA_ENTRADA , 114.6 , 11.8966666666667 , 8.82 , 3.75333333333333 , 0.283333333333333 , 0 , 0 , 0 , 0.5 , 0 , 0 , 0.25 , 0 , 0 , 0 , 0 , 0 , 0 , 0.333333333333333 , 0 , 0 , 4.06666666666667 , 0.945 , 0.225 , 338.658333333333 , 191.725 , 2.05166666666667 , 3.58833333333333 , 3.375 , 0.5 , 60.2 , 19.5 , 0.7 , 0.8 , 0.133333333333333 , 0 , 1
120 , COMIDA_ENTRADA , 46.66 , 4.85466666666667 , 5.58933333333333 , 0.668666666666667 , 0.66 , 0 , 0.133333333333333 , 0 , 0 , 0.666666666666667 , 0 , 0 , 0 , 0 , 0 , 0 , 0 , 0 , 0 , 0 , 0 , 1.06133333333333 , 0.222 , 0.186666666666667 , 247.726666666667 , 76.278 , 4.368 , 28.022 , 2.61333333333333 , 3.53333333333333 , 0 , 11.6 , 0 , 0 , 0 , 0 , 1
121 , COMIDA_ENTRADA , 84.7238095238095 , 14.7466666666667 , 5.65619047619048 , 0.335238095238095 , 0.533333333333333 , 0 , 0 , 0 , 0.571428571428571 , 0 , 0 , 0 , 0 , 0 , 0 , 0 , 0 , 0 , 0 , 0 , 0 , 6.96095238095238 , 1.67571428571429 , 0 , 233.8 , 302.323571428571 , 4.43166666666667 , 9.74833333333333 , 0 , 1.65714285714286 , 90.2285714285714 , 0 , 0 , 0 , 0 , 0 , 1
122 , COMIDA_ENTRADA , 119.466666666667 , 18.55 , 8.54666666666667 , 1.60333333333333 , 0.7 , 0 , 1 , 0 , 0 , 0.666666666666667 , 0 , 0 , 0 , 0 , 0 , 0 , 0 , 0 , 0 , 0 , 0 , 1.04 , 0.17 , 0.433333333333333 , 725.45 , 101.27 , 4.34 , 25.69 , 2.4 , 3.53333333333333 , 0 , 11.6 , 0 , 0 , 0 , 0 , 1
123 , COMIDA_ENTRADA , 92.7833333333333 , 3.14 , 0.941666666666667 , 8.72833333333333 , 0.45 , 0 , 0 , 0 , 0 , 0 , 0 , 0 , 0 , 0 , 0 , 0 , 0 , 1.91666666666667 , 0 , 0 , 0 , 0.35 , 0.095 , 0 , 276.033333333333 , 50.55 , 30.085 , 6.33 , 0 , 0 , 0 , 28.3666666666667 , 5.45 , 2.41666666666667 , 0.216666666666667 , 0 , 1
124 , COMIDA_ENTRADA , 25.6 , 5.02 , 2.4 , 0.35 , 1.2 , 0 , 0 , 0 , 0 , 0 , 0 , 0 , 0 , 0 , 0 , 0 , 0 , 0 , 0 , 0 , 0 , 2.3 , 0.62 , 0 , 251.68 , 248.5 , 67.26 , 52.38 , 0 , 0 , 0 , 0 , 0 , 0 , 0 , 0 , 1
125 , COMIDA_ENTRADA , 127.666666666667 , 17.1516666666667 , 2.77833333333333 , 5.28666666666667 , 0.583333333333333 , 0 , 1 , 0 , 0 , 0 , 0 , 0 , 0 , 0 , 0 , 0 , 0 , 1 , 0 , 0 , 0 , 0.946666666666667 , 0.115 , 0.2 , 0.635 , 92.595 , 3.58166666666667 , 20.0783333333333 , 5.1 , 0 , 0 , 0 , 0.4 , 2.9 , 1.5 , 0 , 1
126 , COMIDA_ENTRADA , 107.133333333333 , 8.12 , 1.84666666666667 , 8.15333333333333 , 1 , 0 , 0.2 , 0 , 0 , 0 , 0 , 0 , 0 , 0 , 0 , 0 , 0 , 1.66666666666667 , 0 , 0 , 0 , 2.02 , 0.3 , 0.14 , 113.593333333333 , 125.6 , 7.7 , 101.5 , 0.8 , 0 , 0 , 25.3666666666667 , 4.9 , 2.16666666666667 , 0.166666666666667 , 0 , 1
127 , COMIDA_ENTRADA , 42 , 7.49 , 1.96 , 0.41 , 1.7 , 0 , 0 , 0 , 0 , 0 , 0 , 0 , 0 , 0 , 0 , 0 , 0 , 0 , 0 , 0 , 0 , 3.05 , 0.52 , 0 , 270.76 , 337.45 , 37.86 , 39.48 , 0 , 0 , 0 , 0 , 0 , 0 , 0 , 0 , 1
128 , COMIDA_ENTRADA , 54.7857142857143 , 9.64714285714286 , 2.84285714285714 , 0.788571428571429 , 0.8 , 0 , 0 , 0 , 0.285714285714286 , 0 , 0 , 0 , 0 , 0 , 0 , 0 , 0 , 0 , 0 , 0 , 0 , 2.99285714285714 , 0.858571428571429 , 0 , 273.06 , 211.954285714286 , 10.98 , 30.71 , 0 , 0.828571428571429 , 36.6 , 0 , 0 , 0 , 0 , 0 , 0
129 , COMIDA_ENTRADA , 138.6 , 18.3 , 4.68 , 5.52 , 0.2 , 0 , 0.5 , 0 , 0.5 , 0 , 0 , 0 , 0 , 0 , 0 , 0 , 0 , 1 , 0 , 0 , 0 , 4.25 , 0.92 , 0.4 , 233.1 , 169.45 , 0.86 , 2.18 , 29.4 , 0.5 , 60.2 , 0 , 0.4 , 2.9 , 1.5 , 0 , 1
130 , COMIDA_ENTRADA , 83.5666666666667 , 9.85666666666667 , 4.10333333333333 , 3.67666666666667 , 0.383333333333333 , 0 , 0.5 , 0 , 0 , 0 , 0 , 0 , 0.333333333333333 , 0 , 0 , 0 , 0 , 0 , 0 , 0 , 0 , 0.776666666666667 , 0.375 , 0.966666666666667 , 316.866666666667 , 106.035 , 5.42166666666667 , 26.8683333333333 , 8.86666666666667 , 0 , 0 , 9.46666666666667 , 0 , 0 , 0 , 0 , 1
131 , COMIDA_ENTRADA , 137.83 , 18.123 , 4.628 , 5.527 , 0.21 , 0 , 0.5 , 0 , 0.5 , 0 , 0 , 0 , 0 , 0 , 0 , 0 , 0 , 1 , 0 , 0 , 0 , 4.25 , 0.924 , 0.4 , 233 , 169.45 , 0.912 , 2.18 , 29.4 , 0.5 , 60.2 , 0 , 0.4 , 2.9 , 1.5 , 0 , 1
132 , COMIDA_ENTRADA , 128.052380952381 , 15.6888095238095 , 3.63119047619048 , 5.9552380952381 , 0.483333333333333 , 0 , 0.5 , 0 , 0.285714285714286 , 0 , 0 , 0 , 0 , 0 , 0 , 0 , 0 , 1 , 0 , 0 , 0 , 2.76952380952381 , 0.713571428571429 , 0.3 , 3.085 , 167.549285714286 , 2.81166666666667 , 8.12833333333333 , 2.1 , 0.828571428571429 , 36.6 , 0 , 0.4 , 2.9 , 1.5 , 0 , 1
133 , COMIDA_ENTRADA , 126.566666666667 , 16.7466666666667 , 2.78333333333333 , 5.28666666666667 , 0.583333333333333 , 0 , 1 , 0 , 0 , 0 , 0 , 0 , 0 , 0 , 0 , 0 , 0 , 1 , 0 , 0 , 0 , 0.916666666666667 , 0.135 , 0.2 , 232.9 , 98.425 , 3.99166666666667 , 13.0983333333333 , 5.1 , 0 , 0 , 0 , 0.4 , 2.9 , 1.5 , 0 , 1
134 , COMIDA_ENTRADA , 129.466666666667 , 17.4166666666667 , 2.92333333333333 , 5.29666666666667 , 0.683333333333333 , 0 , 1 , 0 , 0 , 0 , 0 , 0 , 0 , 0 , 0 , 0 , 0 , 1 , 0 , 0 , 0 , 1.08666666666667 , 0.165 , 0.2 , 0.5 , 110.985 , 4.76166666666667 , 22.4483333333333 , 5.1 , 0 , 0 , 0 , 0.4 , 2.9 , 1.5 , 0 , 1
135 , COMIDA_ENTRADA , 82.6333333333333 , 2.49 , 0.956666666666667 , 7.95333333333333 , 0.35 , 0 , 0 , 0 , 0 , 0 , 0 , 0 , 0 , 0 , 0 , 0 , 0 , 1.66666666666667 , 0 , 0 , 0 , 0.71 , 0.335 , 0 , 273.133333333333 , 110.58 , 5.72 , 13.34 , 0 , 0 , 0 , 25.3666666666667 , 4.9 , 2.16666666666667 , 0.166666666666667 , 0 , 1
136 , COMIDA_ENTRADA , 151.004761904762 , 13.9442857142857 , 4.45238095238095 , 9.12047619047619 , 0.2 , 0 , 0 , 0 , 0.571428571428571 , 0 , 0 , 0 , 0 , 0 , 0 , 0 , 0 , 1.66666666666667 , 0 , 0 , 0 , 3.68571428571429 , 1.27714285714286 , 0 , 277.933333333333 , 191.828571428571 , 0.86 , 2.18 , 0 , 1.65714285714286 , 73.2 , 25.3666666666667 , 4.9 , 2.16666666666667 , 0.166666666666667 , 0 , 0
137 , COMIDA_PRINCIPAL , 525.941176470588 , 73.6545098039216 , 29.2707843137255 , 13.2267647058824 , 0.8 , 0.352941176470588 , 3 , 0 , 1 , 0 , 2 , 0 , 0 , 0 , 0 , 0 , 0 , 1.25 , 0 , 0 , 0 , 11.4653921568627 , 3.2706862745098 , 2.8 , 532 , 760.797941176471 , 57.0179411764706 , 32.7657843137255 , 124.2 , 26.6 , 120.4 , 52 , 0.5 , 3.625 , 1.875 , 1 , 1
138 , COMIDA_PRINCIPAL , 400.6 , 70.5133333333333 , 21.7066666666667 , 4.685 , 2.03333333333333 , 0.333333333333333 , 3.5 , 0 , 0 , 2 , 0 , 0 , 0 , 0 , 0 , 0 , 0 , 0.15 , 0 , 0.666666666666667 , 0 , 5.31333333333333 , 0.756666666666667 , 3.45 , 1382.87166666667 , 423.091666666667 , 46.3116666666667 , 64.435 , 135.6 , 19.4 , 0 , 35.4 , 0.06 , 0.435 , 0.225 , 1 , 1
139 , COMIDA_PRINCIPAL , 634.057843137255 , 83.0903333333333 , 32.6068137254902 , 20.3612450980392 , 0.8675 , 0.175 , 3 , 0 , 1 , 0 , 0 , 2.94117647058824 , 0 , 0 , 0 , 0 , 0 , 1 , 0 , 0.666666666666667 , 0 , 10.7653333333333 , 2.17191666666667 , 2.38823529411765 , 277.660784313726 , 514.339416666667 , 22.0285833333333 , 47.9249166666667 , 124.105882352941 , 31.5882352941176 , 120.4 , 57.3529411764706 , 0.4 , 2.9 , 1.5 , 1 , 1
140 , COMIDA_PRINCIPAL , 532.493333333333 , 68.8676666666667 , 25.7703333333333 , 17.5206666666667 , 1.32 , 0.2 , 3.5 , 0 , 0 , 0 , 2 , 0 , 0 , 0 , 0 , 0 , 0 , 2.33333333333333 , 0 , 0.666666666666667 , 0 , 3.953 , 0.635 , 3.65 , 821.633333333333 , 303.736 , 28.474 , 50.239 , 134.4 , 25.6 , 0 , 88.5333333333333 , 6.5 , 3.03333333333333 , 0.233333333333333 , 1 , 1
141 , COMIDA_PRINCIPAL , 635.083333333333 , 85.1083333333333 , 34.8866666666667 , 19.3333333333333 , 1.58333333333333 , 0.666666666666667 , 3 , 0 , 1.5 , 3 , 0 , 0 , 0 , 0 , 0 , 0 , 0 , 1.75 , 0 , 0.666666666666667 , 0 , 19.5066666666667 , 0.965 , 3.3 , 879.241666666667 , 537.006666666667 , 168.52 , 21.715 , 127.5 , 20.7 , 0 , 42.3 , 1 , 3.2 , 1.95 , 1 , 1
142 , COMIDA_PRINCIPAL , 531.366666666667 , 79.5466666666667 , 35.3 , 9.3 , 1.2 , 0.2 , 3 , 0 , 1 , 3 , 0 , 0 , 0 , 0 , 0 , 0 , 0 , 1 , 0 , 0.666666666666667 , 0 , 11.48 , 2.56 , 3.3 , 538.666666666667 , 641.105 , 13.325 , 16.805 , 127.5 , 18.1 , 120.4 , 42.3 , 0.4 , 2.9 , 1.5 , 1 , 1
143 , COMIDA_PRINCIPAL , 504.363333333333 , 86.118 , 28.333 , 6.35033333333333 , 1.39333333333333 , 0.666666666666667 , 3 , 0 , 1 , 2 , 0 , 0 , 0 , 0 , 0 , 0 , 0 , 0.5 , 0 , 0.666666666666667 , 0 , 16.1033333333333 , 2.63566666666667 , 2.8 , 504.101666666667 , 754.221666666667 , 161.947 , 11.7483333333333 , 124.8 , 12.4 , 120.4 , 28.2 , 0.2 , 1.45 , 0.75 , 1 , 1
144 , COMIDA_PRINCIPAL , 413.2 , 53.5216666666667 , 25.195 , 15.8583333333333 , 0.866666666666667 , 0 , 2 , 0 , 0 , 0 , 3 , 0 , 0 , 0 , 0 , 0 , 0 , 0.75 , 0 , 0.666666666666667 , 0 , 5.28 , 0.366666666666667 , 2.7 , 353.341666666667 , 190.83 , 10.8833333333333 , 18.66 , 10.8 , 17.1 , 0 , 58.5 , 0.6 , 0.3 , 0.45 , 1 , 1
145 , COMIDA_PRINCIPAL , 520.733333333333 , 78.4833333333333 , 27.1633333333333 , 11.1666666666667 , 1.18333333333333 , 0.2 , 3 , 0 , 1 , 0 , 0 , 2 , 0 , 0 , 0 , 0 , 0 , 0 , 0 , 0.666666666666667 , 0 , 11.4966666666667 , 2.485 , 2.4 , 468.066666666667 , 600.375 , 9.66166666666667 , 10.2683333333333 , 134 , 1 , 120.4 , 17.8 , 0 , 0 , 0 , 1 , 1
146 , COMIDA_PRINCIPAL , 511.466666666667 , 80.5166666666667 , 23.32 , 11.56 , 2.65 , 1 , 3.5 , 0 , 0 , 0 , 2 , 0 , 0 , 0 , 0 , 0 , 0 , 1 , 0 , 0.666666666666667 , 0 , 6.79 , 1.125 , 2.9 , 532.766666666667 , 445.94 , 32.08 , 206.48 , 125.1 , 25.6 , 0 , 52 , 0.4 , 2.9 , 1.5 , 1 , 1
147 , COMIDA_PRINCIPAL , 396.216666666667 , 66.7083333333333 , 20.4616666666667 , 6.16833333333333 , 1.95 , 0.45 , 3 , 0 , 0 , 2 , 0 , 0 , 0 , 0 , 0 , 0.05 , 0 , 0.416666666666667 , 0 , 0.833333333333333 , 0 , 5.54 , 1.005 , 4 , 1163.11666666667 , 454.145 , 66.405 , 42.36 , 152.71 , 19.4 , 0 , 39.3916666666667 , 0.65 , 0.941666666666667 , 0.391666666666667 , 1 , 1
148 , COMIDA_PRINCIPAL , 582 , 44.5316666666667 , 43.4166666666667 , 27.1633333333333 , 2 , 0.125 , 1.75 , 0 , 0 , 3 , 0.25 , 0.1 , 0.8 , 0 , 0 , 0 , 0 , 3.16666666666667 , 0 , 0.666666666666667 , 0 , 5.0875 , 0.625 , 2.38 , 676.045 , 300.5 , 25.4 , 40.5125 , 28.68 , 24.035 , 0 , 112.076666666667 , 4.05 , 7.31666666666667 , 3.11666666666667 , 1 , 1
149 , COMIDA_PRINCIPAL , 480.1 , 76.705 , 26.9057142857143 , 8.17357142857143 , 1.2 , 0 , 3.5 , 0 , 1 , 1.71428571428571 , 0 , 0 , 0 , 0 , 0 , 0 , 0 , 1 , 0 , 0 , 0 , 10.25 , 2.295 , 3.62857142857143 , 500.485714285714 , 475.275 , 10.16 , 9.205 , 131.942857142857 , 11.2857142857143 , 120.4 , 26.7428571428571 , 0.4 , 2.9 , 1.5 , 1 , 1
150 , COMIDA_PRINCIPAL , 403.35 , 59.1133333333333 , 28.9866666666667 , 6.39833333333333 , 1.33333333333333 , 0.2 , 3 , 0 , 0 , 3 , 0 , 0 , 0 , 0 , 0 , 0.1 , 0 , 0.333333333333333 , 0 , 0.666666666666667 , 0 , 3.95666666666667 , 0.46 , 4.7 , 550.433333333333 , 235.695 , 7.96166666666667 , 57.1383333333333 , 169.12 , 17.1 , 0 , 50.2833333333333 , 1.1 , 0.433333333333333 , 0.0333333333333333 , 1 , 0
151 , COMIDA_PRINCIPAL , 491.393333333333 , 79.7193333333333 , 29.7793333333333 , 6.85066666666667 , 0.303333333333333 , 0.5 , 3 , 0 , 1 , 0 , 2 , 0 , 0 , 0 , 0 , 0 , 0 , 0 , 0 , 0.666666666666667 , 0 , 11.2666666666667 , 1.953 , 4.2 , 300.866666666667 , 482.375 , 42.5556666666667 , 26.4383333333333 , 137.2 , 26.6 , 120.4 , 52 , 0 , 0 , 0 , 1 , 1
152 , COMIDA_PRINCIPAL , 389.361904761905 , 39.0357142857143 , 22.1766666666667 , 17.3714285714286 , 0.65 , 0.833333333333333 , 1 , 0 , 0 , 0 , 2 , 0 , 0.666666666666667 , 0 , 0 , 0 , 0 , 1.16666666666667 , 0.0714285714285714 , 0.666666666666667 , 0 , 2.7 , 0.625 , 4.06666666666667 , 310.578571428572 , 282.638333333333 , 14.0683333333333 , 37.8916666666667 , 115.8 , 12.1333333333333 , 0 , 65.6666666666667 , 2.48571428571429 , 2.38095238095238 , 1.06666666666667 , 1 , 0
153 , COMIDA_PRINCIPAL , 547.821428571429 , 88.9376190476191 , 17.9790476190476 , 15.3721428571429 , 0.7 , 0.5 , 4 , 0 , 0.571428571428571 , 0 , 0 , 0 , 0 , 0 , 0 , 0 , 0 , 1 , 1.33333333333333 , 0.666666666666667 , 0 , 8.34904761904762 , 1.66380952380952 , 4.8 , 486.91 , 424.620238095238 , 48.7283333333333 , 59.3016666666667 , 147.2 , 1.65714285714286 , 73.2 , 21.6 , 3.2 , 6.1 , 2.03333333333333 , 1 , 0
154 , COMIDA_PRINCIPAL , 436.416666666667 , 61.6983333333333 , 29.89 , 9.52666666666667 , 0.783333333333333 , 0.25 , 3 , 0 , 0 , 0 , 3 , 0 , 0 , 0 , 0 , 0 , 0 , 0 , 0 , 0.666666666666667 , 0 , 3.52333333333333 , 0.343333333333333 , 3.9 , 567.066666666667 , 135.56 , 24.285 , 19.8416666666667 , 183.6 , 38.4 , 0 , 78 , 0 , 0 , 0 , 1 , 1
155 , COMIDA_PRINCIPAL , 534.516666666667 , 73.34 , 31.1616666666667 , 13.985 , 2.75 , 0 , 3.5 , 0 , 0 , 0 , 3 , 0 , 0 , 0 , 0 , 0 , 0 , 1 , 0 , 0.666666666666667 , 0 , 5.74333333333333 , 0.858333333333333 , 3.4 , 566.666666666667 , 376.22 , 20.85 , 199.801666666667 , 127.5 , 38.4 , 0 , 78 , 0.4 , 2.9 , 1.5 , 1 , 1
156 , COMIDA_PRINCIPAL , 493.641666666667 , 78.9616666666667 , 31.3625 , 7.465 , 1.625 , 0.5 , 2.5 , 0 , 1 , 2 , 0.5 , 0 , 0 , 0 , 0 , 0 , 0 , 0.5 , 0 , 0.666666666666667 , 0 , 13.2575 , 2.815 , 3.45 , 503.766666666667 , 739.3425 , 54.8575 , 121.405 , 267.2 , 14.2 , 120.4 , 28.2 , 0.2 , 1.45 , 0.75 , 1 , 1
157 , COMIDA_PRINCIPAL , 581.366666666667 , 75.6733333333333 , 30.8516666666667 , 19.0033333333333 , 2.55 , 0.25 , 3.75 , 0 , 0 , 3 , 0 , 0.1 , 0 , 0 , 0 , 0 , 0 , 2.5 , 0 , 0.666666666666667 , 0 , 2.98333333333333 , 4.72166666666667 , 3.53 , 551.876666666667 , 163.791666666667 , 27.6683333333333 , 48.3966666666667 , 132.28 , 18.49 , 0 , 60.91 , 1 , 7.25 , 3.75 , 1 , 1
158 , COMIDA_PRINCIPAL , 394.75 , 65.74 , 27.845 , 4.525 , 0.716666666666667 , 0.666666666666667 , 3 , 0 , 0 , 3 , 0 , 0 , 0 , 0 , 0 , 0 , 0 , 0 , 0 , 0.666666666666667 , 0 , 7.66333333333333 , 0.605 , 3.9 , 290.166666666667 , 302.471666666667 , 157.411666666667 , 12.4133333333333 , 184.5 , 17.1 , 0 , 42.3 , 0 , 0 , 0 , 1 , 1
159 , COMIDA_PRINCIPAL , 513.35 , 76.6683333333333 , 27.4133333333333 , 11.515 , 0.716666666666667 , 0 , 3 , 0 , 1 , 0 , 0 , 2.08333333333333 , 0 , 0 , 0 , 0 , 0 , 0 , 0 , 0.666666666666667 , 0 , 10.2466666666667 , 2.12333333333333 , 2.425 , 236.866666666667 , 502.24 , 8.03833333333333 , 10.0783333333333 , 134.608333333333 , 1 , 120.4 , 18.5416666666667 , 0 , 0 , 0 , 1 , 1
160 , COMIDA_PRINCIPAL , 441.233333333333 , 70.34 , 21.65 , 8.22 , 1.93333333333333 , 0.25 , 3.5 , 0 , 0 , 2 , 0 , 0 , 0 , 0 , 0 , 0 , 0 , 1 , 0 , 0.666666666666667 , 0 , 6.225 , 0.956666666666667 , 2.9 , 270.676666666667 , 546.766666666667 , 38.57 , 61.825 , 125.7 , 11.4 , 0 , 28.2 , 0.4 , 2.9 , 1.5 , 1 , 0
161 , COMIDA_PRINCIPAL , 504.15 , 75.58 , 27.1883333333333 , 11.5466666666667 , 1.3 , 0.25 , 3.86666666666667 , 0 , 0 , 0 , 3 , 0.1 , 0 , 0 , 0 , 0 , 0 , 0 , 0 , 0.666666666666667 , 0 , 5.49 , 0.616666666666667 , 5.12 , 300.096666666667 , 335.676666666667 , 31.9133333333333 , 66.1483333333333 , 138.126666666667 , 18.49 , 0 , 77.11 , 0 , 0 , 0 , 1 , 0
162 , COMIDA_PRINCIPAL , 568.607843137255 , 82.3111764705882 , 29.1957843137255 , 15.803431372549 , 1.58333333333333 , 1.14460784313725 , 3.5 , 0 , 0 , 0 , 3 , 0 , 0 , 0 , 0 , 0 , 0 , 0.666666666666667 , 0 , 0.666666666666667 , 0 , 10.8628921568627 , 1.74901960784314 , 5.35 , 99 , 755.654607843137 , 219.882941176471 , 117.814950980392 , 140.4 , 17.1 , 0 , 67.9666666666667 , 2.2 , 0.866666666666667 , 0.0666666666666667 , 1 , 0
163 , COMIDA_PRINCIPAL , 485.633333333333 , 57.2166666666667 , 27.585 , 16.905 , 1.26666666666667 , 1.125 , 2 , 0 , 0 , 0 , 2 , 0 , 1 , 0 , 0 , 0 , 0 , 0.666666666666667 , 0 , 0.666666666666667 , 0 , 5.06916666666667 , 0.921666666666667 , 6 , 308.9 , 371.736666666667 , 33.4566666666667 , 63.7158333333333 , 177.5 , 12.5 , 0 , 74.2666666666667 , 2.2 , 0.866666666666667 , 0.0666666666666667 , 1 , 0
164 , COMIDA_PRINCIPAL , 569.266666666667 , 76.5 , 25.3216666666667 , 18.3116666666667 , 0.658333333333333 , 0.666666666666667 , 3 , 0 , 0 , 0 , 2 , 0 , 0 , 0 , 0 , 0 , 0 , 0 , 0 , 0.666666666666667 , 2 , 3.40833333333333 , 0.6575 , 2.8 , 684.266666666667 , 243.6125 , 23.2475 , 48.1258333333333 , 128.4 , 12.2 , 0 , 74.8 , 0 , 0 , 0 , 2 , 1
165 , COMIDA_PRINCIPAL , 461.795238095238 , 32.7438095238095 , 32.2442857142857 , 23.0985714285714 , 0.2 , 0.5 , 1.5 , 0 , 0 , 3 , 0 , 0.285714285714286 , 0 , 0 , 0 , 0 , 0 , 2 , 1 , 0.666666666666667 , 0 , 0.65 , 0.17 , 1.55714285714286 , 137.88380952381 , 100.4 , 2.76 , 4.08 , 74.9571428571429 , 20.9571428571429 , 0 , 73.7 , 1.4 , 10 , 4.9 , 2 , 1
166 , COMIDA_PRINCIPAL , 526.45 , 61.6616666666667 , 27.1408333333333 , 19.8916666666667 , 0.916666666666667 , 0 , 3.375 , 0 , 0 , 2.33333333333333 , 0 , 0.1 , 0 , 0 , 0 , 0 , 0 , 3 , 0 , 0.666666666666667 , 0 , 2.47916666666667 , 0.401666666666667 , 2.655 , 555.951666666667 , 185.211666666667 , 10.7216666666667 , 41.0783333333333 , 133.155 , 17.0233333333333 , 0 , 72.51 , 1.2 , 8.7 , 4.5 , 2 , 1
167 , COMIDA_PRINCIPAL , 585.441666666667 , 50.65 , 25.1983333333333 , 31.5316666666667 , 0.625 , 0 , 3.225 , 0 , 0 , 0 , 2 , 0.1 , 0 , 0 , 0 , 0.1 , 0 , 5.33333333333333 , 0 , 0 , 0 , 2.725 , 0.175 , 4.37 , 838.776666666667 , 122.4 , 7.475 , 13.745 , 172.65 , 13.59 , 0 , 113.493333333333 , 3.3 , 14.2333333333333 , 6.73333333333333 , 2 , 1
168 , COMIDA_PRINCIPAL , 570.9 , 81.2966666666667 , 40.3133333333333 , 11.5466666666667 , 1.31666666666667 , 0 , 3 , 0 , 1 , 3 , 0 , 0 , 0 , 0 , 0 , 0 , 0 , 1.1 , 0 , 0.666666666666667 , 0 , 10.3366666666667 , 2.34166666666667 , 2.7 , 609.676666666667 , 518.701666666667 , 12.2416666666667 , 41.4383333333333 , 131.1 , 21.1 , 120.4 , 69.3 , 0.44 , 3.19 , 1.65 , 2 , 1
169 , COMIDA_PRINCIPAL , 547.76862745098 , 68.6486274509804 , 24.286862745098 , 20.6696078431373 , 1.98333333333333 , 0.588235294117647 , 3 , 0 , 0 , 0 , 2 , 0 , 0 , 0 , 0 , 0 , 0 , 3 , 0 , 0.666666666666667 , 0 , 5.82843137254902 , 1.03558823529412 , 2.8 , 544.566666666667 , 365.063235294118 , 83.7999019607843 , 129.891862745098 , 128.4 , 12.2 , 0 , 74.8 , 1.5 , 9.5 , 3.4 , 2 , 1
170 , COMIDA_PRINCIPAL , 508.25 , 69.18 , 44.6666666666667 , 6.80833333333333 , 2.11666666666667 , 0 , 3.5 , 0 , 0 , 4 , 0 , 0 , 0 , 0 , 0 , 0 , 0 , 0 , 0 , 0.666666666666667 , 0 , 4.76333333333333 , 0.655 , 3.85 , 548.466666666667 , 412.58 , 40.8233333333333 , 60.8566666666667 , 145.2 , 26.8 , 0 , 92.4 , 0 , 0 , 0 , 2 , 1
171 , COMIDA_PRINCIPAL , 500.6 , 67.1633333333333 , 32.9316666666667 , 10.7883333333333 , 1.90833333333333 , 0 , 3.5 , 0 , 0 , 3 , 0 , 0 , 0 , 0 , 0 , 0 , 0 , 1.13333333333333 , 0 , 0.666666666666667 , 0 , 4.46166666666667 , 0.7575 , 2.8 , 533.323333333333 , 370.635 , 16.5416666666667 , 86.1183333333333 , 132 , 20.1 , 0 , 71.1933333333333 , 0.84 , 3.07333333333333 , 1.51333333333333 , 2 , 1
172 , COMIDA_PRINCIPAL , 483.75 , 65.925 , 36.9666666666667 , 10.4783333333333 , 2.26666666666667 , 0 , 3.45 , 0 , 0 , 3 , 0 , 0 , 0 , 0 , 0 , 0 , 0 , 1 , 0 , 0.666666666666667 , 0 , 6.82833333333333 , 0.63 , 3.83 , 532.071666666667 , 439.98 , 30.0633333333333 , 106.596666666667 , 144.185 , 20.1 , 0 , 85.2 , 2.7 , 1.3 , 0.1 , 2 , 0
173 , COMIDA_PRINCIPAL , 350.333333333333 , 50.2583333333333 , 28.5333333333333 , 8.21666666666667 , 0.708333333333333 , 0 , 2 , 0 , 0 , 3 , 0 , 0 , 0 , 0 , 0 , 0 , 0 , 0.75 , 0 , 0.666666666666667 , 0 , 5.03166666666667 , 0.3125 , 0.3 , 374.941666666667 , 151.8075 , 7.93916666666667 , 15.3208333333333 , 21.3 , 39.3 , 0 , 57.6 , 0.6 , 0.3 , 0.45 , 2 , 0
174 , COMIDA_PRINCIPAL , 516.366666666667 , 74.3933333333333 , 33.2516666666667 , 10.1583333333333 , 1.275 , 0.5 , 3.5 , 0 , 0 , 3 , 0 , 0 , 0 , 0 , 0 , 0 , 0 , 1 , 0 , 0.666666666666667 , 0 , 4.65833333333333 , 0.629166666666667 , 2.8 , 542.766666666667 , 358.034166666667 , 51.4058333333333 , 67.3041666666667 , 132 , 20.1 , 0 , 69.3 , 0.4 , 2.9 , 1.5 , 2 , 0
175 , COMIDA_PRINCIPAL , 486.666666666667 , 76.1883333333333 , 21.9533333333333 , 12.1766666666667 , 0.166666666666667 , 1 , 4 , 0 , 0 , 1.5 , 0 , 0 , 0 , 0 , 0 , 0 , 0 , 2 , 0 , 0.333333333333333 , 0 , 3.64166666666667 , 0.491666666666667 , 5.55 , 402.483333333333 , 261.066666666667 , 13.7166666666667 , 34.9083333333333 , 152.75 , 40.2 , 0 , 15 , 0.8 , 5.8 , 3 , 2 , 0
176 , COMIDA_PRINCIPAL , 535.033333333333 , 55.1733333333333 , 26.2466666666667 , 23.725 , 0.783333333333333 , 0.2 , 3 , 0 , 0 , 2.25 , 0.5 , 0 , 0 , 0 , 0 , 0 , 0 , 4 , 0 , 0.666666666666667 , 0 , 3.38333333333333 , 0.485 , 2.9 , 290.941666666667 , 158.621666666667 , 8.215 , 36.3566666666667 , 322.425 , 15.525 , 0 , 60.225 , 3.9 , 10 , 4.6 , 2 , 1
177 , COMIDA_PRINCIPAL , 408.55 , 57.1216666666667 , 13.5383333333333 , 14.6666666666667 , 1.06666666666667 , 0 , 3.15 , 0 , 0 , 0 , 1.25 , 0 , 0 , 0 , 0 , 0 , 0 , 2 , 0 , 0.666666666666667 , 0 , 3.39666666666667 , 0.446666666666667 , 2.765 , 6.77666666666667 , 151.156666666667 , 10.3866666666667 , 63.3533333333333 , 520.62 , 4.5 , 0 , 15.9 , 3.1 , 4.2 , 1.6 , 2 , 1
178 , COMIDA_PRINCIPAL , 555.073333333333 , 72.5393333333333 , 26.8633333333333 , 19.1196666666667 , 1.28333333333333 , 0.25 , 3.79 , 0 , 0 , 2.5 , 0 , 0.1 , 0 , 0 , 0 , 0 , 0 , 3 , 0 , 0.666666666666667 , 0 , 3.56166666666667 , 1.145 , 2.316 , 578.896666666667 , 390.15 , 32.8516666666667 , 81.5963333333333 , 142.05 , 34.14 , 0 , 66.61 , 1.2 , 8.7 , 4.5 , 2 , 0
179 , COMIDA_PRINCIPAL , 613.366666666667 , 75.5433333333333 , 35.9533333333333 , 18.4333333333333 , 1.98333333333333 , 0.5 , 3.5 , 0 , 0 , 3 , 0 , 0 , 0.333333333333333 , 0 , 0 , 0 , 0 , 2.33333333333333 , 0 , 0.666666666666667 , 0 , 5.36666666666667 , 0.965 , 3.13333333333333 , 548.233333333333 , 413.475 , 107.311666666667 , 87.8683333333333 , 178.9 , 20.4666666666667 , 0 , 98.5333333333333 , 4.2 , 4.63333333333333 , 1.63333333333333 , 2 , 0
180 , COMIDA_PRINCIPAL , 407.766666666667 , 53.7866666666667 , 19.575 , 12.7 , 0 , 0 , 3 , 0 , 0 , 1.5 , 0.25 , 0 , 0 , 0 , 0 , 0 , 0 , 1 , 0 , 0.666666666666667 , 1 , 1.8 , 0 , 2.725 , 105.326666666667 , 0 , 0 , 0 , 250.95 , 10.05 , 0 , 45.45 , 2.7 , 1.3 , 0.1 , 2 , 1
181 , COMIDA_PRINCIPAL , 408.95 , 51.3433333333333 , 23.6283333333333 , 12.2016666666667 , 0.75 , 0 , 3 , 0 , 0 , 1.5 , 0 , 0 , 0.666666666666667 , 0 , 0 , 0 , 0 , 1 , 0 , 0.666666666666667 , 0 , 3.39 , 0.541666666666667 , 3.51666666666667 , 268.226666666667 , 166.118333333333 , 12.6116666666667 , 64.16 , 276.05 , 10.7833333333333 , 0 , 67.75 , 2.7 , 1.3 , 0.1 , 2 , 1
182 , COMIDA_PRINCIPAL , 475.526666666667 , 68.3796666666667 , 32.936 , 7.59 , 2.1 , 0.58 , 3 , 0 , 0 , 3 , 0 , 0 , 0 , 0 , 0 , 0 , 0 , 0.5 , 0 , 0.666666666666667 , 0 , 6.183 , 1.046 , 2.7 , 525.466666666667 , 476.117 , 85.373 , 97.785 , 131.1 , 20.1 , 0 , 69.3 , 0.2 , 1.45 , 0.75 , 2 , 1
183 , COMIDA_PRINCIPAL , 513.666666666667 , 27.7466666666667 , 31.205 , 31.325 , 0.325 , 0.2 , 1 , 0 , 0 , 3 , 0 , 0 , 0 , 0 , 0 , 0 , 0 , 6.1 , 0 , 0.666666666666667 , 0 , 0.985 , 0.4225 , 1.6 , 603.966666666667 , 126.37 , 5.07 , 23.58 , 19.7 , 20.1 , 0 , 163 , 16.84 , 8.09 , 0.75 , 2 , 1
184 , COMIDA_PRINCIPAL , 482.75 , 69.8466666666667 , 26.6883333333333 , 10.515 , 0.75 , 0.2 , 4 , 0 , 0 , 2 , 0 , 0 , 0.666666666666667 , 0 , 0 , 0 , 0 , 0.5 , 0 , 0.666666666666667 , 0 , 2.985 , 0.515 , 3.46666666666667 , 520.466666666667 , 173.97 , 46.86 , 39.1 , 228.8 , 8.93333333333333 , 0 , 63.4 , 0.2 , 1.45 , 0.75 , 2 , 0
185 , COMIDA_PRINCIPAL , 431.7 , 71.3966666666667 , 24.0433333333333 , 6.10666666666667 , 0.616666666666667 , 0.6 , 3.5 , 0 , 0 , 0 , 2 , 0 , 0 , 0 , 0 , 0 , 0 , 0.2 , 0 , 0.666666666666667 , 0 , 2.98666666666667 , 0.481666666666667 , 2.9 , 545.266666666667 , 283.191666666667 , 27.3316666666667 , 46.8583333333333 , 129.3 , 12.2 , 0 , 74.8 , 0.14 , 0.74 , 0.08 , 2 , 1
186 , COMIDA_PRINCIPAL , 562.066666666667 , 78.0966666666667 , 42.98 , 9.29 , 2 , 0.2 , 4 , 0 , 0 , 3 , 0 , 0 , 0.5 , 0 , 0 , 0 , 0 , 0.1 , 0 , 0.666666666666667 , 0 , 7.06 , 1.74 , 3.15 , 808.616666666667 , 569.22 , 136.96 , 102.7 , 258.1 , 20.65 , 0 , 76.85 , 0.04 , 0.29 , 0.15 , 2 , 1
187 , COMIDA_PRINCIPAL , 505.5 , 69.9666666666667 , 38.1466666666667 , 10.9133333333333 , 2 , 0 , 3.6 , 0 , 0 , 3 , 0 , 0 , 0 , 0 , 0 , 0.2 , 0 , 0.666666666666667 , 0 , 0.666666666666667 , 0 , 6.72 , 0.83 , 4.04 , 788.53 , 317.19 , 62.63 , 102.44 , 206.48 , 20.1 , 0 , 85.6966666666667 , 1.61 , 1.02666666666667 , 0.206666666666667 , 2 , 1
188 , COLACION_VESPERTINA , 194 , 15.4 , 5.1 , 13.5 , 0 , 0 , 1 , 0 , 0 , 0 , 0 , 0 , 0 , 0 , 0 , 0 , 0 , 0 , 2 , 0 , 0 , 0.1 , 0 , 0.9 , 140.2 , 0 , 0 , 0 , 13.5 , 0 , 0 , 0 , 1.6 , 6.7 , 3.4 , 0 , 1
189 , COLACION_VESPERTINA , 165.333333333333 , 31.72 , 4.29333333333333 , 3.67333333333333 , 0.8 , 1.33333333333333 , 0 , 0 , 0 , 0 , 0 , 0 , 0 , 0 , 0 , 0 , 0 , 0 , 0.933333333333333 , 0 , 0 , 2.50666666666667 , 1.14666666666667 , 0 , 252 , 291.066666666667 , 31.84 , 46.1866666666667 , 0 , 0 , 0 , 0 , 0 , 0 , 0 , 0 , 0
190 , COLACION_VESPERTINA , 189.235294117647 , 31.2852941176471 , 2.77352941176471 , 6.65294117647059 , 0 , 0.588235294117647 , 0 , 0 , 0 , 0 , 0 , 0 , 0 , 0 , 0 , 0 , 0 , 0 , 0.5 , 0 , 2 , 2.41176470588235 , 0.470588235294118 , 0 , 13.05 , 183.588235294118 , 70.5882352941177 , 28.8235294117647 , 0 , 0 , 0 , 0 , 0.25 , 2.15 , 0.65 , 0 , 1
191 , COLACION_VESPERTINA , 109.466666666667 , 16.48 , 10.52 , 3.56 , 2 , 0 , 0 , 0 , 0 , 0 , 0 , 0 , 0 , 0 , 0 , 0 , 0 , 0 , 0.933333333333333 , 0 , 0 , 5.8 , 0.8 , 0 , 252 , 180 , 24.2 , 14.4 , 0 , 0 , 0 , 0 , 0 , 0 , 0 , 0 , 0
192 , COLACION_VESPERTINA , 171.933333333333 , 25.9233333333333 , 5.51 , 5.79333333333333 , 0 , 0 , 0 , 0 , 0 , 0 , 0 , 0 , 0 , 0 , 0 , 0.4 , 0 , 0 , 0.333333333333333 , 2.5 , 0 , 0 , 0 , 0 , 142.333333333333 , 0 , 0 , 0 , 109.6 , 0 , 0 , 11.6 , 0.2 , 1.4 , 0.633333333333333 , 0 , 1
193 , COLACION_VESPERTINA , 140.6 , 25.9866666666667 , 3.84 , 3.39333333333333 , 0 , 0 , 1.2 , 0 , 0 , 0 , 0 , 0 , 0 , 0 , 0 , 0 , 0 , 0 , 0.333333333333333 , 1 , 0 , 1.92 , 0 , 0.36 , 0.6 , 0 , 0 , 0 , 57 , 0 , 0 , 0 , 0 , 0 , 0 , 0 , 1
194 , COLACION_VESPERTINA , 119.333333333333 , 16.7666666666667 , 7.46666666666667 , 3.93333333333333 , 2 , 0 , 0 , 0 , 0 , 0 , 0 , 0 , 0 , 0 , 0 , 0 , 0 , 0 , 1 , 0 , 0 , 4.4 , 0.6 , 0 , 270 , 266 , 15.3 , 17.7 , 0 , 0 , 0 , 0 , 0 , 0 , 0 , 0 , 0
195 , COLACION_VESPERTINA , 126 , 11.8285714285714 , 5.32857142857143 , 7.21428571428571 , 0 , 0 , 0.666666666666667 , 0 , 0 , 0 , 0 , 0.571428571428571 , 0 , 0 , 0 , 0 , 0 , 1 , 0 , 0 , 0 , 1.46666666666667 , 0 , 0.266666666666667 , 35.9333333333333 , 0 , 0 , 25 , 1.06666666666667 , 2.91428571428571 , 0 , 27.1285714285714 , 0.6 , 2.2 , 0.7 , 0 , 1
196 , COLACION_VESPERTINA , 154.333333333333 , 23.4666666666667 , 3.16666666666667 , 6.03333333333333 , 0 , 0.5 , 1 , 0 , 0 , 0 , 0 , 0 , 0 , 0 , 0 , 0 , 0 , 1 , 0 , 0 , 0 , 4.25 , 0.1 , 0.4 , 232.7 , 138 , 40.4 , 22.85 , 3.4 , 0 , 0 , 0 , 0.4 , 2.9 , 1.5 , 0 , 1
197 , COLACION_VESPERTINA , 141.333333333333 , 24.5666666666667 , 4.16666666666667 , 3.83333333333333 , 0 , 1 , 0 , 0 , 0 , 0 , 0 , 0 , 0 , 0 , 0 , 0 , 0 , 0 , 1 , 0 , 0 , 3.7 , 0.2 , 0 , 270 , 276 , 80.8 , 45.7 , 0 , 0 , 0 , 0 , 0 , 0 , 0 , 0 , 1
198 , COLACION_VESPERTINA , 186.741176470588 , 25.3711764705882 , 6.96911764705882 , 6.65176470588235 , 0 , 0.352941176470588 , 0.5 , 0 , 0 , 0 , 0 , 0.1 , 0 , 0 , 0 , 0.75 , 0 , 0 , 0 , 0.5 , 0 , 1.44705882352941 , 0.282352941176471 , 0.08 , 94.66 , 110.152941176471 , 42.3529411764706 , 17.2941176470588 , 216.98 , 1.39 , 0 , 42.985 , 0 , 0 , 0 , 0 , 1
199 , COLACION_VESPERTINA , 155 , 16.7 , 3.4 , 9.45 , 0 , 1 , 0 , 0 , 0 , 0 , 0 , 0 , 0 , 0 , 0 , 0 , 0 , 1.25 , 0.5 , 0.5 , 0 , 3.3 , 0.7 , 0 , 15.05 , 254 , 97.6 , 39.8 , 0 , 0 , 0 , 18.9 , 3.5 , 3.7 , 0.8 , 0 , 1
200 , COLACION_VESPERTINA , 155.333333333333 , 30.4316666666667 , 3.27166666666667 , 3.47333333333333 , 0 , 0.65 , 1 , 0 , 0 , 0 , 0 , 0 , 0 , 0 , 0 , 0 , 0 , 0.5 , 0 , 0.5 , 0 , 3.37 , 0.33 , 0.4 , 233.3 , 127.19 , 11.87 , 1.4 , 3.4 , 0 , 0 , 0 , 0.2 , 1.45 , 0.75 , 0 , 1
201 , COLACION_VESPERTINA , 240 , 36.91 , 5.95 , 9.2 , 0 , 0 , 2 , 0 , 0 , 0 , 0 , 0 , 0 , 0 , 0 , 0.2 , 0 , 1 , 0 , 0.5 , 0 , 0.2 , 0 , 1 , 291 , 0 , 0 , 12.6 , 60 , 0 , 0 , 21.9 , 2.9 , 1.3 , 0.2 , 0 , 1
202 , COLACION_VESPERTINA , 117.333333333333 , 18.6666666666667 , 3.76666666666667 , 3.83333333333333 , 0 , 1 , 0 , 0 , 0 , 0 , 0 , 0 , 0 , 0 , 0 , 0 , 0 , 0 , 1 , 0 , 0 , 0.6 , 0.3 , 0 , 270 , 186 , 15 , 4 , 0 , 0 , 0 , 0 , 0 , 0 , 0 , 0 , 1
203 , COLACION_VESPERTINA , 133.716666666667 , 3.91 , 12.135 , 7.925 , 0.433333333333333 , 0 , 0 , 0 , 0 , 0 , 0 , 1.66666666666667 , 0 , 0 , 0 , 0 , 0 , 0 , 0 , 0 , 0 , 0.64 , 0.183333333333333 , 0.5 , 233.1 , 95.415 , 5.44166666666667 , 9.33 , 12.1666666666667 , 0 , 0 , 14.8333333333333 , 0 , 0 , 0 , 0 , 1
204 , COLACION_VESPERTINA , 157.966666666667 , 29.7583333333333 , 2.215 , 4.15 , 0 , 1 , 0.2 , 0 , 0 , 0 , 0 , 0 , 0 , 0 , 0 , 0 , 0 , 0 , 0.25 , 0 , 1.33333333333333 , 1.68 , 0.2 , 0.14 , 8.65833333333333 , 215.2 , 4.8 , 10.5 , 0.1 , 0 , 0 , 0 , 0.125 , 1.075 , 0.325 , 0 , 1
205 , COLACION_VESPERTINA , 180.883333333333 , 10.9933333333333 , 14.1066666666667 , 9.36333333333333 , 0.466666666666667 , 0 , 0.5 , 0 , 0 , 0 , 0 , 2 , 0 , 0 , 0 , 0 , 0 , 0 , 0 , 0 , 0 , 1.73333333333333 , 0.205 , 1.4 , 378.9 , 106.37 , 7.21333333333333 , 11.9066666666667 , 11.8 , 2.4 , 0 , 46.4 , 0 , 0 , 0 , 0 , 1
206 , COLACION_VESPERTINA , 164.75 , 37.75 , 2.125 , 0.825 , 0 , 0 , 1.5 , 0 , 0 , 0 , 0 , 0 , 0 , 0 , 0 , 0 , 0 , 0 , 0 , 1.5 , 0 , 1.95 , 0 , 0.6 , 23.7 , 0 , 0 , 11.4 , 21.6 , 0 , 0 , 0 , 0 , 0 , 0 , 0 , 0
207 , COLACION_VESPERTINA , 215.5 , 18.875 , 9.55 , 11.9 , 0 , 0 , 0.75 , 0 , 0 , 0 , 0 , 0 , 0 , 0 , 0 , 1 , 0 , 0 , 0.5 , 0 , 0 , 0.3 , 0 , 1.5 , 175.225 , 0 , 0 , 33.3 , 287.35 , 0 , 0 , 29 , 0.25 , 2.15 , 0.65 , 0 , 1
208 , COLACION_VESPERTINA , 244.5 , 39.175 , 6.025 , 8.68333333333333 , 0 , 0 , 2 , 0 , 0 , 0 , 0 , 0 , 0 , 0 , 0 , 0 , 0 , 0 , 0.916666666666667 , 1.5 , 0 , 3.2 , 0 , 0.6 , 3.825 , 0 , 0 , 0 , 95 , 0 , 0 , 0 , 0.608333333333333 , 3.45833333333333 , 1.69166666666667 , 0 , 1
209 , COLACION_VESPERTINA , 53.3333333333333 , 13.0666666666667 , 1.46666666666667 , 0.233333333333333 , 1 , 0.5 , 0 , 0 , 0 , 0 , 0 , 0 , 0 , 0 , 0 , 0 , 0 , 0 , 0 , 0 , 0 , 2.35 , 0.4 , 0 , 0 , 290.9 , 43.3 , 30.15 , 0 , 0 , 0 , 0 , 0 , 0 , 0 , 0 , 0
210 , COLACION_VESPERTINA , 244.401260504202 , 29.8072128851541 , 9.77941176470588 , 14.0090336134454 , 0 , 0.401960784313726 , 0.75 , 0 , 0 , 0 , 0 , 0 , 0 , 0 , 0 , 0.5 , 0 , 0 , 1.14285714285714 , 0.5 , 0 , 4.60637254901961 , 0.27156862745098 , 1.05 , 68.6321428571429 , 136.16862745098 , 46.6519607843137 , 28.9460784313725 , 154.575 , 0 , 0 , 16.25 , 0.771428571428571 , 4.32857142857143 , 2.4 , 0 , 0
211 , COLACION_VESPERTINA , 193.3 , 28.35 , 6.9 , 6.2 , 0 , 0.5 , 0.5 , 0 , 0 , 0 , 0 , 0 , 0 , 0 , 0 , 0.7 , 0 , 0 , 0 , 0.5 , 0 , 0.7 , 0.25 , 0.1 , 89.7 , 82.5 , 0.5 , 1.2 , 204 , 0 , 0 , 23.75 , 0 , 0 , 0 , 0 , 1
212 , COLACION_VESPERTINA , 132 , 17.8 , 1.2 , 7.3 , 0 , 1 , 0 , 0 , 0 , 0 , 0 , 0 , 0 , 0 , 0 , 0 , 0 , 0 , 1 , 0 , 0 , 2.1 , 0.7 , 0 , 0.1 , 113.1 , 11 , 0.4 , 0 , 0 , 0 , 0 , 0.6 , 4.2 , 1.9 , 0 , 1
213 , COLACION_VESPERTINA , 134.2 , 30.48 , 2.02 , 1.63 , 0 , 1.1 , 1 , 0 , 0 , 0 , 0 , 0 , 0 , 0 , 0 , 0 , 0 , 0 , 0 , 0 , 0 , 1.84 , 0.53 , 0.5 , 110.6 , 255.03 , 23.92 , 15.8 , 0 , 0 , 0 , 0 , 0 , 0 , 0 , 0 , 1
214 , COLACION_VESPERTINA , 171 , 17.45 , 2.75 , 10.5 , 0 , 0 , 0 , 0 , 0 , 0 , 0 , 0 , 0 , 0 , 0 , 0 , 0 , 0.75 , 1 , 2 , 0 , 0 , 0 , 0 , 79.45 , 0 , 0 , 0 , 0 , 0 , 0 , 10.95 , 2.5 , 5.1 , 2 , 0 , 1
215 , COLACION_VESPERTINA , 99 , 12.3 , 3.55 , 3.75 , 1.5 , 0 , 0 , 0 , 0 , 0 , 0 , 0 , 0 , 0 , 0 , 0 , 0 , 0 , 1 , 0 , 0 , 1.75 , 0.35 , 0 , 270 , 252.45 , 4.65 , 14.15 , 0 , 0 , 0 , 0 , 0 , 0 , 0 , 0 , 0
216 , COLACION_VESPERTINA , 166.666666666667 , 31.42 , 3.75333333333333 , 4.01333333333333 , 0 , 1.33333333333333 , 0 , 0 , 0 , 0 , 0 , 0 , 0 , 0 , 0 , 0 , 0 , 0 , 1 , 0.4 , 0 , 2.26666666666667 , 0.666666666666667 , 0 , 322.6 , 186.266666666667 , 25.6 , 17.0666666666667 , 0 , 0 , 0 , 0 , 0 , 0 , 0 , 0 , 0
217 , COLACION_VESPERTINA , 182 , 36.275 , 3.775 , 4.11666666666667 , 1 , 0 , 1.25 , 0 , 0 , 0 , 0 , 0 , 0 , 0 , 0 , 0 , 0 , 0 , 0.333333333333333 , 1.5 , 0 , 1.8 , 0.3 , 1.9 , 75.075 , 152.9 , 2.9 , 40.6 , 18.55 , 0 , 0 , 0 , 0.216666666666667 , 1.21666666666667 , 0.533333333333333 , 0 , 1
218 , COLACION_VESPERTINA , 253.166666666667 , 39.35 , 5.625 , 8.78333333333333 , 0 , 0.5 , 1.5 , 0 , 0 , 0 , 0.25 , 0 , 0 , 0 , 0 , 0 , 0 , 0.333333333333333 , 1 , 1 , 0 , 0.85 , 0.25 , 0.325 , 179.783333333333 , 82.5 , 0.5 , 0.3 , 80.85 , 0.9 , 0 , 0 , 1.5 , 4.23333333333333 , 1.9 , 0 , 0
219 , COLACION_VESPERTINA , 243.5 , 33.2 , 2.7 , 12.25 , 1 , 1.5 , 0 , 0 , 0 , 0 , 0 , 0 , 0 , 0 , 0 , 0 , 0 , 1 , 1 , 0.5 , 0 , 4.3 , 1.15 , 0 , 11.9 , 371.6 , 14.7 , 11.2 , 0 , 0 , 0 , 15.9 , 3.3 , 5.5 , 2 , 0 , 1
220 , COLACION_VESPERTINA , 237.474509803922 , 39.8911764705882 , 5.93078431372549 , 6.10509803921569 , 0 , 0.352941176470588 , 1.6 , 0 , 0 , 0 , 0 , 0.1 , 0 , 0 , 0 , 0.2 , 0 , 0.666666666666667 , 0 , 0.9 , 0 , 2.24705882352941 , 0.282352941176471 , 1.52 , 31.04 , 110.152941176471 , 42.3529411764706 , 25.6141176470588 , 64.37 , 1.39 , 0 , 34.5766666666667 , 2.2 , 0.866666666666667 , 0.0666666666666667 , 0 , 1
221 , COLACION_VESPERTINA , 152 , 21.25 , 2.3 , 7.15 , 0 , 0.5 , 0 , 0 , 0 , 0 , 0 , 0 , 0 , 0 , 0 , 0 , 0 , 0 , 1 , 1.5 , 0 , 0.7 , 0.1 , 0 , 67 , 106.6 , 18.7 , 6.55 , 0 , 0 , 0 , 0 , 0.6 , 4.2 , 1.9 , 0 , 1
222 , COLACION_VESPERTINA , 125.5 , 15.6 , 2.5 , 7.1 , 0 , 1 , 0 , 0 , 0 , 0 , 0 , 0 , 0 , 0 , 0 , 0 , 0 , 0 , 1 , 0 , 0 , 1.4 , 0.2 , 0 , 0.3 , 213.2 , 37.4 , 13.1 , 0 , 0 , 0 , 0 , 0.55 , 4.25 , 1.6 , 0 , 1
223 , COLACION_VESPERTINA , 205.4 , 29.69 , 2.38 , 10.02 , 0 , 2 , 0 , 0 , 0 , 0 , 0 , 0 , 0 , 0 , 0 , 0 , 0 , 2 , 0 , 0.5 , 0.1 , 2.8 , 0.4 , 0 , 17.88 , 430.4 , 9.6 , 21 , 0 , 0 , 0 , 31.8 , 5.4 , 2.6 , 0.2 , 0 , 1
224 , COLACION_VESPERTINA , 183.333333333333 , 29.7 , 3.16666666666667 , 7.83333333333333 , 0 , 2 , 0 , 0 , 0 , 0 , 0 , 0 , 0 , 0 , 0 , 0 , 0 , 0.666666666666667 , 0.5 , 0.5 , 0 , 2.8 , 0.4 , 0 , 8.75 , 430.4 , 9.6 , 21 , 0 , 0 , 0 , 9.46666666666667 , 2.45 , 3.01666666666667 , 0.716666666666667 , 0 , 1
225 , COLACION_VESPERTINA , 259.407843137255 , 29.7211764705882 , 4.57745098039216 , 14.768431372549 , 0 , 0.352941176470588 , 1.5 , 0 , 0 , 0 , 0 , 0.1 , 0 , 0 , 0 , 0 , 0 , 2.33333333333333 , 0 , 0.5 , 0 , 1.59705882352941 , 0.282352941176471 , 0.83 , 218.96 , 110.152941176471 , 42.3529411764706 , 26.7441176470588 , 2.33 , 1.39 , 0 , 51.9433333333333 , 7.3 , 3.03333333333333 , 0.333333333333333 , 0 , 1
226 , COLACION_VESPERTINA , 255.666666666667 , 34 , 6.4 , 11.0666666666667 , 0 , 0.333333333333333 , 2 , 0 , 0 , 0 , 0 , 0 , 0 , 0 , 0 , 0 , 0 , 1 , 0.666666666666667 , 0 , 0 , 2.13333333333333 , 0.166666666666667 , 2.2 , 338.866666666667 , 125.466666666667 , 36.8333333333333 , 70.0333333333333 , 202.6 , 0 , 0 , 14.4 , 3.3 , 4.1 , 1.46666666666667 , 0 , 1
227 , COLACION_VESPERTINA , 191.333333333333 , 33.4 , 2.86666666666667 , 5.96666666666667 , 0 , 0.666666666666667 , 1 , 0 , 0 , 0 , 0 , 0 , 0 , 0 , 0 , 0 , 0 , 1 , 0 , 1 , 0 , 3.53333333333333 , 0.333333333333333 , 0.4 , 232.7 , 93.1333333333333 , 12.8 , 8.53333333333333 , 3.4 , 0 , 0 , 0 , 0.4 , 2.9 , 1.5 , 0 , 1
228 , COLACION_VESPERTINA , 133.125 , 23.0375 , 4.0125 , 3.6125 , 0 , 1.125 , 0 , 0 , 0 , 0 , 0 , 0 , 0 , 0 , 0 , 0 , 0 , 0 , 1 , 0 , 0 , 1.8625 , 0.2 , 0 , 270 , 257.4 , 46.2 , 0 , 0 , 0 , 0 , 0 , 0 , 0 , 0 , 0 , 1
229 , COLACION_VESPERTINA , 285.438461538462 , 57.3765384615385 , 6.07692307692308 , 5.80589743589744 , 0 , 1.4 , 2 , 0 , 0 , 0 , 0 , 0 , 0 , 0 , 0 , 0 , 0 , 0 , 0.467948717948718 , 1 , 0 , 5.7 , 0.74 , 0.6 , 39.4365384615385 , 115.7 , 11 , 0.4 , 95 , 0 , 0 , 0 , 0.399358974358974 , 1.25705128205128 , 0.900641025641026 , 0 , 1
230 , COLACION_VESPERTINA , 167.117647058824 , 13.9843137254902 , 5.46176470588235 , 10.9764705882353 , 0 , 0.46078431372549 , 0 , 0 , 0 , 0 , 0 , 0 , 0 , 0 , 0 , 0.5 , 0 , 0 , 1 , 0 , 0 , 1.77254901960784 , 0.318627450980392 , 0 , 52.6 , 154.527450980392 , 53.7107843137255 , 21.628431372549 , 137 , 0 , 0 , 14.5 , 0.6 , 4.2 , 1.9 , 0 , 1
231 , COLACION_VESPERTINA , 109.8 , 21.62 , 2.71333333333333 , 2.04666666666667 , 0 , 1 , 0.333333333333333 , 0 , 0 , 0 , 0 , 0 , 0 , 0 , 0 , 0.2 , 0 , 0 , 0 , 0 , 0 , 1.73333333333333 , 0.2 , 0.166666666666667 , 43.9 , 213.2 , 37.4 , 13.1 , 56.9666666666667 , 0 , 0 , 5.8 , 0 , 0 , 0 , 0 , 1
232 , COLACION_VESPERTINA , 191.6 , 32.34 , 1.66 , 6.9 , 0 , 1 , 0 , 1.2 , 0 , 0 , 0 , 0 , 0 , 0 , 0 , 0 , 0 , 0 , 0 , 1 , 0 , 2.24 , 0.2 , 0 , 230.04 , 213.2 , 37.4 , 13.1 , 0 , 0 , 0 , 0 , 0 , 0 , 0 , 0 , 1
233 , COLACION_VESPERTINA , 70.3888888888889 , 2.15 , 0.933333333333333 , 7.02777777777778 , 0 , 0.0555555555555556 , 0 , 0 , 0 , 0 , 0 , 0 , 0 , 0 , 0 , 0 , 0 , 0 , 1 , 0 , 0 , 0.0611111111111111 , 0.0111111111111111 , 0 , 0.1 , 8.80555555555556 , 0.522222222222222 , 0.188888888888889 , 0 , 0 , 0 , 0 , 0.6 , 4.2 , 1.9 , 0 , 1
234 , COLACION_VESPERTINA , 166.125 , 31.4375 , 4.0125 , 3.6125 , 0 , 1.125 , 0 , 0 , 0 , 0 , 0 , 0 , 0 , 0 , 0 , 0 , 0 , 0 , 1 , 1 , 0 , 1.8625 , 0.2 , 0 , 270 , 257.4 , 46.2 , 0 , 0 , 0 , 0 , 0 , 0 , 0 , 0 , 0 , 1
235 , COLACION_VESPERTINA , 187 , 25.3 , 4.675 , 8.6 , 0 , 0 , 0 , 0 , 0 , 0 , 0 , 0 , 0 , 0 , 0 , 0.25 , 0 , 0 , 1 , 2 , 0 , 0 , 0 , 0 , 133.6 , 0 , 0 , 0 , 71.55 , 0 , 0 , 8.125 , 0.5 , 4.3 , 1.3 , 0 , 1
236 , COLACION_VESPERTINA , 271.858333333333 , 31.1908333333333 , 7.33916666666667 , 14.0433333333333 , 0.441666666666667 , 0 , 0 , 2 , 0 , 0 , 0 , 0 , 0.5 , 0 , 0 , 0 , 0 , 0 , 0 , 0 , 0 , 2.85583333333333 , 0.1825 , 0.65 , 584.05 , 92.61 , 4.95583333333333 , 14.7166666666667 , 181 , 0.55 , 0 , 7.55 , 0 , 0 , 0 , 0 , 1
237 , CENA , 319.95 , 34.06 , 22.005 , 11.42 , 0.5 , 0 , 1.4 , 0 , 0 , 2.25 , 0 , 0 , 0 , 0 , 0 , 0 , 0 , 2 , 0 , 1 , 0 , 3.8 , 0.2 , 0.995 , 339.745 , 38.45 , 0.75 , 4.3 , 14.735 , 49.275 , 0 , 55.925 , 1.2 , 4.4 , 1.4 , 1 , 0
238 , CENA , 322.983333333333 , 41.3016666666667 , 10.92 , 13.5 , 0.266666666666667 , 0 , 2.25 , 0 , 0 , 0 , 1 , 0.1 , 0 , 0 , 0 , 0 , 0 , 2 , 0 , 1 , 0 , 2.875 , 0.163333333333333 , 1.18 , 478.66 , 65.4233333333333 , 4.19 , 29.68 , 153.68 , 7.44 , 0 , 30.41 , 0.8 , 5.8 , 3 , 1 , 1
239 , CENA , 338 , 41.35 , 18.1 , 11.3 , 0.5 , 1 , 2 , 0 , 0 , 2 , 0 , 0 , 0 , 0 , 0 , 0 , 0 , 2 , 0 , 0 , 0 , 4.6 , 0.2 , 0.9 , 485.2 , 462.2 , 88.4 , 66.5 , 20.4 , 10.6 , 0 , 62.8 , 3.3 , 3.5 , 0.8 , 1 , 1
240 , CENA , 0 , 0 , 0 , 0 , 0 , 0 , 0 , 0 , 0 , 0 , 0 , 0 , 0 , 0 , 0 , 0 , 0 , 0 , 0 , 0 , 0 , 0 , 0 , 0 , 0 , 0 , 0 , 0 , 0 , 0 , 0 , 0 , 0 , 0 , 0 , 1 , 0
241 , CENA , 383.866666666667 , 40.3666666666667 , 21.0133333333333 , 16.6066666666667 , 0.35 , 0 , 2 , 0 , 0 , 1.66666666666667 , 0 , 0 , 0.6 , 0 , 0 , 0 , 0 , 2 , 0 , 1.5 , 0 , 1.80333333333333 , 0.171666666666667 , 1.73333333333333 , 684.41 , 75.1416666666667 , 3.93833333333333 , 15.1416666666667 , 59 , 9.37333333333333 , 0 , 41.1 , 1 , 5.1 , 2.2 , 1 , 1
242 , CENA , 376.583333333333 , 53.34 , 16.9983333333333 , 10.6166666666667 , 0.466666666666667 , 1 , 2 , 0 , 0 , 1.35 , 0 , 0 , 0 , 0 , 0 , 0 , 0 , 2 , 0 , 1 , 0 , 3.28666666666667 , 0.546666666666667 , 2.605 , 525.095 , 547.046666666667 , 70.7666666666667 , 98.3133333333333 , 208.945 , 29.565 , 0 , 43.235 , 1.2 , 4.4 , 1.4 , 1 , 1
243 , CENA , 374.383333333333 , 44.155 , 21.9583333333333 , 12.625 , 0.65 , 1 , 2 , 0 , 0 , 2 , 0 , 0 , 0.666666666666667 , 0 , 0 , 0 , 0 , 1 , 0 , 0 , 0 , 4.465 , 0.37 , 2.86666666666667 , 285.4 , 471.625 , 142.76 , 74.93 , 218 , 8.93333333333333 , 0 , 63.4 , 0.4 , 2.9 , 1.5 , 1 , 0
244 , CENA , 294.333333333333 , 56.9083333333333 , 14.0183333333333 , 5.585 , 1.66666666666667 , 0 , 2.5 , 0 , 0 , 1 , 0 , 0 , 0 , 0 , 0 , 0 , 0 , 0.45 , 0 , 1 , 0 , 6.32666666666667 , 1.14 , 0.65 , 502.175 , 256.923333333333 , 73.16 , 72.8333333333333 , 5.25 , 5.3 , 0 , 17.4 , 0.36 , 0.18 , 0.27 , 1 , 1
245 , CENA , 409.3 , 61.1 , 25.61 , 8 , 1.8 , 0.5 , 3.1 , 0 , 0 , 2 , 0 , 0 , 0 , 0 , 0 , 0 , 0 , 0.5 , 0 , 1 , 0 , 5.65 , 0.71 , 1.44 , 273.47 , 384.85 , 44.88 , 43.83 , 18.72 , 13.4 , 0 , 46.2 , 0.2 , 1.45 , 0.75 , 1 , 0
246 , CENA , 359.233333333333 , 50.15 , 11.3866666666667 , 13.2733333333333 , 0 , 1 , 1 , 0 , 0 , 0 , 0 , 0.1 , 0 , 0 , 0 , 1.1 , 0 , 0.666666666666667 , 0 , 0.8 , 0 , 2.6 , 0.7 , 0.88 , 415.453333333333 , 113.1 , 11 , 1.9 , 323.15 , 1.39 , 0 , 63.8266666666667 , 2.2 , 0.866666666666667 , 0.0666666666666667 , 1 , 1
247 , CENA , 346.25 , 48.51 , 17.645 , 8.975 , 0.6 , 0.25 , 2.4 , 0 , 0 , 0 , 0.5 , 0 , 1 , 0 , 0 , 0 , 0 , 0.1 , 0 , 0.55 , 0 , 2.3 , 0.535 , 3.76 , 443.35 , 150.26 , 6.75 , 19.595 , 150.1 , 4.75 , 0 , 37.6 , 0.07 , 0.37 , 0.04 , 1 , 1
248 , CENA , 318.95 , 47.79 , 14.23 , 8.02 , 0.8 , 0 , 2.5 , 0 , 0 , 0 , 0 , 0 , 1 , 0 , 0 , 0 , 0 , 0.1 , 0 , 0.55 , 0 , 2.42 , 0.5 , 3.23 , 251.6 , 182 , 3.5 , 24.22 , 148.3 , 1.1 , 0 , 25.8 , 0.07 , 0.37 , 0.04 , 1 , 1
249 , CENA , 469.216666666667 , 68.7433333333333 , 11.5433333333333 , 17.8583333333333 , 0.433333333333333 , 0 , 3.25 , 0 , 1.5 , 0 , 0 , 0 , 0 , 0 , 0 , 0 , 0 , 2 , 0 , 0.5 , 0 , 13.3066666666667 , 0.266666666666667 , 2.8 , 356 , 100.998333333333 , 6.95833333333333 , 23.2633333333333 , 180.1 , 3.6 , 0 , 0 , 0.8 , 5.8 , 3 , 1 , 1
250 , CENA , 446.666666666667 , 56.7183333333333 , 25.195 , 16.635 , 0.483333333333333 , 0.15 , 2.85 , 0 , 0 , 1.5 , 0 , 0 , 0 , 0 , 0 , 0.4 , 0 , 1.95 , 0 , 0.5 , 0 , 5.405 , 0.511666666666667 , 3.77 , 839.79 , 149.041666666667 , 24.465 , 104.16 , 338.765 , 32.85 , 0 , 55.6 , 3.56 , 2.58 , 0.82 , 1 , 0
251 , CENA , 471.1 , 59.2666666666667 , 24.3216666666667 , 16.2283333333333 , 1.7 , 0.75 , 3 , 0 , 0 , 2 , 0 , 0 , 0.5 , 0 , 0 , 0 , 0 , 2 , 0 , 0 , 0 , 4.98333333333333 , 1.53666666666667 , 3.3 , 273.4 , 490.716666666667 , 188.143333333333 , 81.5216666666667 , 253.95 , 11.15 , 0 , 47.7 , 0.8 , 5.8 , 3 , 1 , 1
252 , CENA , 361.306666666667 , 45.806 , 18.2416666666667 , 12.7913333333333 , 0.333333333333333 , 0.5 , 1.79 , 0 , 0 , 1.5 , 0 , 0.1 , 0 , 0 , 0 , 0 , 0 , 2 , 0 , 1 , 0 , 3.12833333333333 , 0.533333333333333 , 3.016 , 451.78 , 255.683333333333 , 33.6833333333333 , 74.3246666666667 , 33.25 , 34.24 , 0 , 39.76 , 0.8 , 5.8 , 3 , 1 , 0
253 , CENA , 363.416666666667 , 58.6166666666667 , 14.2716666666667 , 9.595 , 0.633333333333333 , 0 , 2.4 , 0 , 1.5 , 0 , 0.5 , 0 , 0 , 0 , 0 , 0 , 0 , 0 , 0 , 0.5 , 0 , 16.0233333333333 , 0.43 , 3.17 , 822.76 , 141.661666666667 , 8.815 , 47.2766666666667 , 197.28 , 5.4 , 0 , 0 , 0 , 0 , 0 , 1 , 1
254 , CENA , 424.15 , 64.2616666666667 , 20.2116666666667 , 10.3316666666667 , 0.7 , 0.516666666666667 , 3.2 , 0 , 0 , 1 , 0 , 0 , 1 , 0 , 0 , 0 , 0 , 0.25 , 0 , 1 , 0 , 4.19166666666667 , 0.881666666666667 , 3.74 , 288.01 , 157.301666666667 , 99.8233333333333 , 14.33 , 321.5 , 6.4 , 0 , 43.2 , 0.1 , 0.725 , 0.375 , 1 , 1
255 , CENA , 284.8 , 41.1383333333333 , 18.6933333333333 , 8.20666666666667 , 0.75 , 0 , 1.5 , 0 , 0 , 2 , 0 , 0 , 0 , 0 , 0 , 0 , 0 , 0.95 , 0 , 1 , 0 , 4.07666666666667 , 0.523333333333333 , 0.4 , 276.265 , 155.753333333333 , 15.9466666666667 , 24.4033333333333 , 7.2 , 10.6 , 0 , 34.8 , 0.71 , 2.03 , 0.47 , 1 , 1
256 , CENA , 439 , 75.05 , 14.25 , 17.8 , 0 , 1 , 3.5 , 0 , 0 , 0 , 0 , 0 , 0 , 0 , 0 , 0 , 0 , 0 , 2 , 1 , 0 , 7.75 , 0.2 , 3.9 , 230.15 , 215.2 , 4.8 , 30.9 , 49.95 , 0 , 0 , 0 , 1.6 , 6.7 , 3.4 , 1 , 1
257 , CENA , 357.483333333333 , 45.94 , 15.5016666666667 , 12.905 , 0.716666666666667 , 0 , 3 , 0 , 0 , 1 , 0.5 , 0 , 0 , 0 , 0 , 0 , 0 , 2 , 0 , 0 , 0 , 3.20333333333333 , 0.511666666666667 , 2.65 , 257.8 , 175.588333333333 , 14.655 , 66.9766666666667 , 316.8 , 7.1 , 0 , 33.3 , 3.1 , 4.2 , 1.6 , 1 , 1
258 , CENA , 447.466666666667 , 75.3066666666667 , 19.4583333333333 , 8.86333333333333 , 1.49166666666667 , 0.666666666666667 , 2.7 , 0 , 0 , 1 , 0 , 0 , 0.666666666666667 , 0 , 0 , 0.25 , 0 , 0 , 0 , 2 , 0 , 7.55333333333333 , 1.24083333333333 , 2.60666666666667 , 321 , 433.845833333333 , 222.1475 , 52.7258333333333 , 287.35 , 6.03333333333333 , 0 , 42.725 , 0 , 0 , 0 , 1 , 1
259 , CENA , 448.866666666667 , 54.5266666666667 , 18.8133333333333 , 17.7466666666667 , 0.533333333333333 , 1 , 0.2 , 2 , 0 , 1.5 , 0 , 0 , 0 , 0 , 0 , 0 , 0 , 1 , 0 , 1 , 0 , 4.55666666666667 , 0.43 , 1.79 , 517.55 , 512.815 , 76.0216666666667 , 131.428333333333 , 28.85 , 32.85 , 0 , 33.25 , 0.6 , 2.2 , 0.7 , 1 , 1
260 , CENA , 388.5 , 48.9833333333333 , 14.65 , 16.15 , 0 , 0.833333333333333 , 2 , 0 , 0 , 0 , 0 , 0 , 0 , 0 , 0 , 1 , 0 , 0 , 1 , 0 , 0 , 2.98333333333333 , 0.516666666666667 , 1.8 , 346.2 , 252.466666666667 , 85.6333333333333 , 34.3333333333333 , 313.2 , 0 , 0 , 32.5 , 1 , 2.5 , 1.5 , 1 , 1
261 , CENA , 321.466666666667 , 56.4116666666667 , 11.1983333333333 , 6.80166666666667 , 0.333333333333333 , 0 , 3 , 0 , 0 , 0 , 1 , 0 , 0 , 0 , 0 , 0 , 0 , 0.45 , 0 , 1 , 0 , 2.28666666666667 , 0.15 , 2.5 , 2.765 , 70.335 , 3.67166666666667 , 7.30833333333333 , 450 , 4.8 , 0 , 0 , 0.36 , 0.18 , 0.27 , 1 , 0
262 , CENA , 494.75 , 89.24 , 18.3083333333333 , 9.88833333333333 , 1.05 , 1 , 3.4 , 0 , 1.5 , 0 , 0.5 , 0 , 0 , 0 , 0 , 0 , 0 , 0 , 0 , 0 , 0 , 20.3866666666667 , 0.635 , 4.77 , 822.76 , 447.751666666667 , 91.7583333333333 , 94.2533333333333 , 212.08 , 5.4 , 0 , 0 , 0 , 0 , 0 , 1 , 1
263 , CENA , 468.2 , 45.7366666666667 , 27.055 , 21.1966666666667 , 1 , 1 , 0.5 , 0 , 0 , 0 , 3 , 0 , 0 , 0 , 0 , 0.6 , 0 , 0 , 1 , 0.5 , 0 , 3.68 , 1.10166666666667 , 0.4 , 310.65 , 432.008333333333 , 18.6716666666667 , 71.355 , 994.8 , 14.4 , 0 , 20 , 0.6 , 4.2 , 1.9 , 1 , 0
264 , CENA , 516 , 10.28 , 39.67 , 33.56 , 1.5 , 0 , 0 , 0 , 0 , 0 , 0 , 0 , 4 , 0 , 0 , 0 , 0 , 0 , 0 , 0 , 0 , 2.85 , 0.5 , 2 , 641.8 , 320.65 , 37 , 37.3 , 24.8 , 32 , 0 , 158 , 0 , 0 , 0 , 1 , 1
265 , CENA , 494.833333333333 , 63.28 , 23.6816666666667 , 16.8433333333333 , 0.9 , 0.5 , 2.6 , 0 , 0 , 2 , 0 , 0.1 , 0 , 0 , 0 , 0.25 , 0 , 2.66666666666667 , 0 , 1 , 0 , 3.64 , 0.89 , 2.78 , 620.643333333334 , 230.96 , 122.81 , 50.69 , 89.08 , 11.99 , 0 , 94.8516666666667 , 6.45 , 4.26666666666667 , 0.966666666666667 , 1 , 0
266 , CENA , 374.166666666667 , 72.77 , 18.1583333333333 , 11.835 , 0.45 , 0.516666666666667 , 3.05 , 0 , 0 , 0 , 0.25 , 0.1 , 0 , 0 , 0 , 0.25 , 0 , 0.866666666666667 , 0 , 1 , 0 , 11.5533333333333 , 0.288333333333333 , 4.25 , 649.003333333333 , 217.133333333333 , 25.32 , 55.1983333333333 , 111.805 , 3.215 , 0 , 44.5216666666667 , 2.32 , 1.30666666666667 , 0.206666666666667 , 1 , 0
267 , CENA , 381.2 , 52.4666666666667 , 13.5966666666667 , 13.4433333333333 , 0.15 , 1 , 2 , 0 , 0 , 0 , 0.5 , 0 , 0.5 , 0 , 0 , 0 , 0 , 2 , 0 , 1 , 0 , 2.60333333333333 , 0.411666666666667 , 3.3 , 565.15 , 538.561666666667 , 71.3583333333333 , 96.2816666666667 , 275.15 , 4.2 , 0 , 48.9 , 1.2 , 4.4 , 1.4 , 2 , 0
268 , CENA , 607.2 , 56.06 , 40.02 , 25.4 , 1 , 0 , 3 , 0 , 0 , 0.666666666666667 , 0 , 2 , 0 , 0 , 0 , 0 , 0 , 2 , 0 , 1 , 0 , 2.44 , 0.48 , 4.4 , 827.6 , 112.34 , 52.44 , 10.46 , 206 , 4.46666666666667 , 0 , 128.2 , 0.8 , 5.8 , 3 , 2 , 1
269 , CENA , 583.573333333333 , 64.4713333333333 , 42.3043333333333 , 21.035 , 2.76666666666667 , 0 , 4 , 0 , 0 , 0 , 0 , 2 , 0 , 0 , 0 , 0 , 0 , 1 , 0 , 1 , 0 , 7.28566666666667 , 1.19 , 3.8 , 1596.6 , 477.175333333333 , 37.89 , 94.1293333333333 , 67 , 0 , 0 , 124.9 , 0.6 , 2.2 , 0.7 , 2 , 1
270 , CENA , 361.533333333333 , 49.28 , 24.8833333333333 , 8.1 , 2.9 , 0 , 2 , 0 , 0 , 2 , 0 , 0 , 0.666666666666667 , 0 , 0 , 0 , 0 , 0.1 , 0 , 1 , 0 , 3.89 , 2.02 , 3.26666666666667 , 268.6 , 350.35 , 85.46 , 34.28 , 216.8 , 12.1333333333333 , 0 , 45.4 , 0.04 , 0.29 , 0.15 , 2 , 1
271 , CENA , 453.6 , 40.755 , 22.3583333333333 , 25.8583333333333 , 2.4 , 0 , 0 , 2 , 0 , 0 , 0.5 , 0 , 0.8 , 0 , 0 , 0 , 0 , 1.45 , 0 , 0 , 0 , 7.98666666666667 , 1.02 , 1.8 , 504.915 , 274.886666666667 , 34.5333333333333 , 109.823333333333 , 23.2 , 4.37 , 0 , 23.9 , 0.96 , 2.38 , 0.97 , 2 , 1
272 , CENA , 391.1 , 31.9466666666667 , 14.5466666666667 , 24.0733333333333 , 0.35 , 0 , 2 , 0 , 0 , 0 , 0 , 0 , 1.6 , 0 , 0 , 0 , 0 , 2 , 0 , 0.5 , 0 , 1.80333333333333 , 0.171666666666667 , 2 , 669.8 , 75.1416666666667 , 3.93833333333333 , 15.1416666666667 , 55.6 , 1.24 , 0 , 36.4 , 1 , 5.1 , 2.2 , 2 , 0
273 , CENA , 390.441666666667 , 45.9136666666667 , 10.3291666666667 , 18.5935 , 0.913333333333333 , 0 , 3 , 0 , 0 , 0 , 0.25 , 0 , 0.75 , 0 , 0 , 0 , 0 , 2 , 0 , 0 , 0 , 3.20533333333333 , 0.229 , 2.875 , 247.15 , 146.155666666667 , 6.924 , 23.1311666666667 , 246.75 , 1.425 , 0 , 18.225 , 0.8 , 5.8 , 3 , 2 , 1
274 , CENA , 297.966666666667 , 49.2366666666667 , 17.4366666666667 , 6.4 , 0.833333333333333 , 0 , 2.5 , 0 , 0 , 0 , 1.5 , 0 , 0 , 0 , 0 , 0 , 0 , 0 , 0 , 1 , 0 , 5.48333333333333 , 0.38 , 1.2 , 63.41 , 117.366666666667 , 13.44 , 41.1766666666667 , 5.25 , 19.2 , 0 , 39 , 0 , 0 , 0 , 2 , 1
275 , CENA , 468.9 , 58.79 , 30.22 , 12.45 , 0.4 , 0 , 3.5 , 0 , 0 , 2 , 0 , 0 , 1 , 0 , 0 , 0 , 0 , 0.1 , 0 , 1 , 0 , 2.38 , 0.32 , 4.86 , 778.9 , 36.12 , 2.52 , 33.95 , 248.3 , 12.5 , 0 , 54 , 0.04 , 0.29 , 0.15 , 2 , 0
276 , CENA , 365.219047619048 , 46.8447619047619 , 18.852380952381 , 12.4804761904762 , 1.23333333333333 , 0.571428571428571 , 1.5 , 0 , 0 , 0 , 1.33333333333333 , 0 , 0.666666666666667 , 0 , 0 , 0 , 0 , 0.666666666666667 , 0 , 1 , 0 , 3.12142857142857 , 1.0852380952381 , 4.26666666666667 , 61.7333333333333 , 286.476666666667 , 11.89 , 39.91 , 120.8 , 8.33333333333333 , 0 , 52.6666666666667 , 2.2 , 0.866666666666667 , 0.0666666666666667 , 2 , 0
277 , CENA , 353.716666666667 , 29.2466666666667 , 11.7583333333333 , 21.965 , 0.333333333333333 , 0.5 , 1.25 , 0 , 0 , 0 , 0 , 0.1 , 1.33333333333333 , 0 , 0 , 0 , 0 , 2 , 0 , 0 , 0 , 3.93333333333333 , 0.783333333333333 , 2.26333333333333 , 553.71 , 186.458333333333 , 21.3333333333333 , 69.4666666666667 , 27.08 , 1.39 , 0 , 43.01 , 0.8 , 5.8 , 3 , 2 , 0
278 , CENA , 330.033333333333 , 49.8333333333333 , 14.88 , 10.0266666666667 , 1.31666666666667 , 1 , 2 , 0 , 0 , 0 , 0.5 , 0 , 0.5 , 0 , 0 , 0 , 0 , 1 , 0 , 0 , 0 , 4.17 , 1.695 , 2.05 , 742.5 , 499.411666666667 , 122.141666666667 , 27.115 , 173.2 , 4.2 , 0 , 31.45 , 0.6 , 2.2 , 0.7 , 2 , 0
279 , CENA , 366.7 , 52.42 , 16.47 , 10.68 , 1.3 , 0 , 3.5 , 0 , 0 , 0 , 1 , 0 , 0 , 0 , 0 , 0 , 0 , 1 , 0 , 0 , 0 , 2.1 , 0.31 , 2.85 , 1033.7 , 182 , 7.13 , 74.33 , 32 , 7.3 , 0 , 35.7 , 0.6 , 2.2 , 0.7 , 2 , 0
280 , CENA , 574.883333333333 , 52.1533333333333 , 40.2566666666667 , 23.7433333333333 , 0.416666666666667 , 0 , 0 , 2 , 0.75 , 0 , 0.5 , 2 , 0 , 0 , 0 , 0 , 0 , 0.45 , 0 , 1 , 0 , 6.12833333333333 , 0.175 , 2.45 , 1424.215 , 92.61 , 4.86333333333333 , 8.71666666666667 , 203.6 , 3.6 , 0 , 112.8 , 0.36 , 0.18 , 0.27 , 2 , 0
281 , CENA , 414.35 , 44.2266666666667 , 14.9616666666667 , 21.4416666666667 , 1.41666666666667 , 0.5 , 2.4 , 0 , 0 , 1 , 0 , 0 , 0 , 0 , 0 , 0 , 0 , 3 , 0.666666666666667 , 0 , 0 , 5.83666666666667 , 0.558333333333333 , 3.65 , 493.026666666667 , 254.985 , 11.1783333333333 , 24.5233333333333 , 63.18 , 5.7 , 0 , 24.9 , 2.6 , 10.3 , 4.76666666666667 , 2 , 0
282 , CENA , 378.866666666667 , 54.9283333333333 , 16.49 , 13.245 , 0.733333333333333 , 0 , 1.5 , 0 , 1.5 , 0 , 0.75 , 0 , 0 , 0 , 0 , 0 , 0 , 0.6 , 0 , 1 , 0 , 14.69 , 0.276666666666667 , 0.9 , 904.195 , 118.716666666667 , 6.27 , 17.27 , 3.3 , 9.075 , 0 , 17.7 , 0.48 , 0.24 , 0.36 , 2 , 1
283 , CENA , 325.9 , 34.2 , 21.69 , 11.3 , 0 , 0.5 , 1 , 0 , 0 , 0 , 1.5 , 0 , 1 , 0 , 0 , 0 , 0 , 0 , 0 , 1.4 , 0 , 1.15 , 0.35 , 3.7 , 715.93 , 56.55 , 5.5 , 0.2 , 160.8 , 12.05 , 0 , 61.2 , 0 , 0 , 0 , 2 , 0
284 , CENA , 466.433333333333 , 57.3433333333333 , 27.4066666666667 , 14.8633333333333 , 0.366666666666667 , 1 , 3 , 0 , 0 , 2 , 0 , 0 , 1 , 0 , 0 , 0 , 0 , 1 , 0 , 0 , 0 , 4.73333333333333 , 0.17 , 4.46 , 268.6 , 421.15 , 89.7433333333333 , 58.1966666666667 , 322.5 , 12.5 , 0 , 54 , 0.4 , 2.9 , 1.5 , 2 , 1
285 , CENA , 362.25 , 51.21 , 18.32 , 9.5 , 1.1 , 0 , 2.4 , 0 , 0 , 0 , 0 , 0.25 , 1 , 0 , 0 , 0 , 0 , 0.1 , 0 , 1.05 , 0 , 2.65 , 0.56 , 3.385 , 335.925 , 265.16 , 3.5 , 24.42 , 151.275 , 1.1 , 0 , 39.9 , 0.07 , 0.37 , 0.04 , 2 , 1
286 , CENA , 417.366666666667 , 44.06 , 33.6733333333333 , 15.0266666666667 , 1.21666666666667 , 0 , 1.5 , 0 , 0 , 0 , 0 , 2 , 0 , 0 , 0 , 0 , 0 , 0 , 0 , 1 , 0 , 4.15333333333333 , 0.355 , 1.8 , 1048.4 , 194.26 , 7.60333333333333 , 15.6366666666667 , 27 , 0 , 0 , 112.8 , 0 , 0 , 0 , 2 , 0
287 , CENA , 522.733333333333 , 40.43 , 28.7216666666667 , 26.9833333333333 , 1.2 , 0 , 1 , 0 , 0 , 0 , 3 , 0 , 0 , 0 , 0 , 0.75 , 0 , 1.76666666666667 , 0 , 0 , 1 , 2.3 , 0.94 , 4.3 , 653.033333333333 , 242.48 , 19.2 , 28.74 , 240.25 , 17.1 , 0 , 92.3416666666667 , 2.67 , 4.13666666666667 , 1.60666666666667 , 2 , 0
288 , CENA , 285.833333333333 , 41.72 , 17.4590476190476 , 9.03523809523809 , 0.716666666666667 , 0 , 1.5 , 0 , 0 , 1.71428571428571 , 0 , 0 , 0 , 0 , 0 , 0 , 0 , 1.1 , 0 , 1 , 0 , 4.11666666666667 , 0.321666666666667 , 1.02857142857143 , 270.305714285714 , 147.741666666667 , 10.2816666666667 , 38.1783333333333 , 5.14285714285714 , 10.2857142857143 , 0 , 26.7428571428571 , 0.83 , 2.09 , 0.56 , 2 , 1
289 , CENA , 281.396666666667 , 45.0713333333333 , 13.634 , 7.009 , 1.78333333333333 , 0 , 2 , 0 , 0 , 0 , 0.5 , 0 , 0.04 , 0 , 0 , 0 , 0 , 1 , 0 , 1 , 0 , 4.6 , 0.711666666666667 , 2.8 , 536.85 , 233.286666666667 , 18.1 , 81.54 , 204.8 , 3.686 , 0 , 23.9 , 0.6 , 2.2 , 0.7 , 2 , 0
290 , CENA , 442.933333333333 , 50.65 , 26.0066666666667 , 15.3233333333333 , 1.5 , 0.5 , 2 , 0 , 0 , 0 , 1.5 , 0.1 , 1 , 0 , 0 , 0.1 , 0 , 0.666666666666667 , 0 , 1 , 0 , 3.8 , 0.7 , 4.48 , 1502.84333333333 , 309 , 10.15 , 17.35 , 190.25 , 13.44 , 0 , 92.5266666666667 , 2.2 , 0.866666666666667 , 0.0666666666666667 , 2 , 0
291 , CENA , 440.73 , 57.3413333333333 , 22.2263333333333 , 14.1586666666667 , 1.36 , 0 , 0 , 3 , 0 , 2 , 0 , 0 , 0 , 0 , 0 , 0 , 0 , 1.25 , 0 , 1 , 0 , 2.85666666666667 , 0.742333333333333 , 1.96 , 1148.875 , 309.768333333333 , 18.3836666666667 , 70.5883333333333 , 65.1 , 11.4 , 0 , 28.2 , 0.8 , 1.75 , 1.2 , 2 , 1
292 , CENA , 340.7 , 64.5033333333333 , 12.837380952381 , 4.52357142857143 , 1.25 , 0 , 3.3 , 0 , 0.3 , 0.714285714285714 , 0 , 0 , 0 , 0 , 0 , 0 , 0 , 0.2 , 0 , 1 , 0 , 6.19333333333334 , 0.483333333333333 , 3.30857142857143 , 551.085714285714 , 260.645 , 20.775 , 30.2766666666667 , 182.982857142857 , 5.00571428571429 , 0 , 11.1428571428571 , 0.08 , 0.58 , 0.3 , 2 , 1
293 , CENA , 458.45 , 59.9366666666667 , 19.5983333333333 , 17.1816666666667 , 0.833333333333333 , 0 , 2.8 , 0 , 1.5 , 0 , 0.5 , 0 , 0 , 0 , 0 , 0 , 0 , 0 , 1.33333333333333 , 0 , 0 , 17.1233333333333 , 0.51 , 3.69 , 605.953333333333 , 176.741666666667 , 9.155 , 48.9566666666667 , 207.36 , 5.4 , 0 , 21.6 , 2.8 , 3.2 , 0.533333333333333 , 2 , 1
294 , CENA , 369.6 , 57.13 , 22.58 , 8.29 , 0.8 , 1 , 2.5 , 0 , 0 , 0 , 0 , 1 , 0 , 0 , 0 , 0 , 0 , 0 , 0 , 0 , 0 , 6.33 , 0.475 , 3.3 , 639.9 , 512.64 , 144.93 , 81.75 , 35.7 , 0 , 0 , 56.4 , 0 , 0 , 0 , 2 , 1
295 , CENA , 327.333333333333 , 50.53 , 11.5616666666667 , 11.185 , 1.08333333333333 , 0.666666666666667 , 1.5 , 0 , 0 , 0 , 0 , 0 , 0.666666666666667 , 0 , 0 , 0 , 0 , 1.16666666666667 , 0 , 1 , 0 , 6.94166666666667 , 0.758333333333333 , 3.06666666666667 , 296.933333333333 , 369.758333333333 , 163.908333333333 , 82.075 , 116 , 0.733333333333333 , 0 , 29.3666666666667 , 3.05 , 1.86666666666667 , 0.316666666666667 , 2 , 0
